-- MySQL dump 10.13  Distrib 8.0.41, for Win64 (x86_64)
--
-- Host: localhost    Database: crypto_portfolio
-- ------------------------------------------------------
-- Server version	8.0.41

/*!40101 SET @OLD_CHARACTER_SET_CLIENT=@@CHARACTER_SET_CLIENT */;
/*!40101 SET @OLD_CHARACTER_SET_RESULTS=@@CHARACTER_SET_RESULTS */;
/*!40101 SET @OLD_COLLATION_CONNECTION=@@COLLATION_CONNECTION */;
/*!50503 SET NAMES utf8 */;
/*!40103 SET @OLD_TIME_ZONE=@@TIME_ZONE */;
/*!40103 SET TIME_ZONE='+00:00' */;
/*!40014 SET @OLD_UNIQUE_CHECKS=@@UNIQUE_CHECKS, UNIQUE_CHECKS=0 */;
/*!40014 SET @OLD_FOREIGN_KEY_CHECKS=@@FOREIGN_KEY_CHECKS, FOREIGN_KEY_CHECKS=0 */;
/*!40101 SET @OLD_SQL_MODE=@@SQL_MODE, SQL_MODE='NO_AUTO_VALUE_ON_ZERO' */;
/*!40111 SET @OLD_SQL_NOTES=@@SQL_NOTES, SQL_NOTES=0 */;

--
-- Table structure for table `crypto_historic`
--

DROP TABLE IF EXISTS `crypto_historic`;
/*!40101 SET @saved_cs_client     = @@character_set_client */;
/*!50503 SET character_set_client = utf8mb4 */;
CREATE TABLE `crypto_historic` (
  `id_CryptoCoin` int DEFAULT NULL,
  `ClosePrice` decimal(18,8) DEFAULT NULL,
  `DateHistoric` date DEFAULT NULL,
  KEY `id_CryptoCoin` (`id_CryptoCoin`),
  CONSTRAINT `crypto_historic_ibfk_1` FOREIGN KEY (`id_CryptoCoin`) REFERENCES `cryptocoin` (`ID_CryptoCoin`)
) ENGINE=InnoDB DEFAULT CHARSET=utf8mb4 COLLATE=utf8mb4_0900_ai_ci;
/*!40101 SET character_set_client = @saved_cs_client */;

--
-- Dumping data for table `crypto_historic`
--

LOCK TABLES `crypto_historic` WRITE;
/*!40000 ALTER TABLE `crypto_historic` DISABLE KEYS */;
INSERT INTO `crypto_historic` VALUES (92,59060.00000000,'2024-08-21'),(92,64157.00000000,'2024-08-25'),(92,59015.00000000,'2024-08-29'),(92,57358.00000000,'2024-09-02'),(92,56132.00000000,'2024-09-06'),(92,57049.00000000,'2024-09-10'),(92,60621.00000000,'2024-09-14'),(92,60317.00000000,'2024-09-18'),(92,63403.00000000,'2024-09-22'),(92,63152.00000000,'2024-09-26'),(92,65664.00000000,'2024-09-30'),(92,60728.00000000,'2024-10-04'),(92,62287.00000000,'2024-10-08'),(92,62392.00000000,'2024-10-12'),(92,66962.00000000,'2024-10-16'),(92,68389.00000000,'2024-10-20'),(92,66684.00000000,'2024-10-24'),(92,67939.00000000,'2024-10-28'),(92,70265.00000000,'2024-11-01'),(92,67793.00000000,'2024-11-05'),(92,76550.00000000,'2024-11-09'),(92,88265.00000000,'2024-11-13'),(92,90606.00000000,'2024-11-17'),(92,94217.00000000,'2024-11-21'),(92,98016.00000000,'2024-11-25'),(92,95662.00000000,'2024-11-29'),(92,95833.00000000,'2024-12-03'),(92,99974.00000000,'2024-12-07'),(92,96650.00000000,'2024-12-11'),(92,101367.00000000,'2024-12-15'),(92,100356.00000000,'2024-12-19'),(92,95094.00000000,'2024-12-23'),(92,95678.00000000,'2024-12-27'),(92,92627.00000000,'2024-12-31'),(92,98084.00000000,'2025-01-04'),(92,96952.00000000,'2025-01-08'),(92,94560.00000000,'2025-01-12'),(92,100313.00000000,'2025-01-16'),(92,101275.00000000,'2025-01-20'),(92,104068.00000000,'2025-01-24'),(92,101958.00000000,'2025-01-28'),(92,102382.00000000,'2025-02-01'),(92,98118.00000000,'2025-02-05'),(92,96558.00000000,'2025-02-09'),(92,97836.00000000,'2025-02-13'),(92,96149.00000000,'2025-02-17'),(92,98384.00000000,'2025-02-21'),(92,91397.00000000,'2025-02-25'),(92,84442.00000000,'2025-03-01'),(92,87311.00000000,'2025-03-05'),(92,86143.00000000,'2025-03-09'),(92,83884.00000000,'2025-03-13'),(92,82611.00000000,'2025-03-17'),(92,84271.00000000,'2025-03-21'),(92,87328.00000000,'2025-03-25'),(92,84359.00000000,'2025-03-29'),(92,85238.00000000,'2025-04-02'),(92,83596.00000000,'2025-04-06'),(92,82622.00000000,'2025-04-10'),(92,83601.00000000,'2025-04-14'),(92,84931.00000000,'2025-04-18'),(92,87452.00000000,'2025-04-22'),(92,94773.00000000,'2025-04-26'),(92,94256.00000000,'2025-04-30'),(92,95923.00000000,'2025-05-04'),(92,97026.00000000,'2025-05-08'),(92,103994.00000000,'2025-05-12'),(92,103709.00000000,'2025-05-16'),(92,105629.00000000,'2025-05-20'),(92,107217.00000000,'2025-05-24'),(92,109068.00000000,'2025-05-28'),(92,104688.00000000,'2025-06-01'),(92,104813.00000000,'2025-06-05'),(92,105692.00000000,'2025-06-09'),(92,105979.00000000,'2025-06-13'),(92,106951.00000000,'2025-06-17'),(92,103290.00000000,'2025-06-21'),(92,105976.00000000,'2025-06-25'),(92,107332.00000000,'2025-06-29'),(92,108824.00000000,'2025-07-03'),(92,109215.00000000,'2025-07-07'),(92,115880.00000000,'2025-07-11'),(92,119834.00000000,'2025-07-15'),(92,117989.00000000,'2025-07-19'),(92,119956.00000000,'2025-07-23'),(92,117960.00000000,'2025-07-27'),(92,117833.00000000,'2025-07-31'),(92,114199.00000000,'2025-08-04'),(92,117463.00000000,'2025-08-08'),(92,118774.00000000,'2025-08-12'),(92,117340.00000000,'2025-08-16'),(92,112778.00000000,'2025-08-20'),(93,2575.64000000,'2024-08-21'),(93,2767.84000000,'2024-08-25'),(93,2527.03000000,'2024-08-29'),(93,2430.02000000,'2024-09-02'),(93,2367.77000000,'2024-09-06'),(93,2359.57000000,'2024-09-10'),(93,2445.09000000,'2024-09-14'),(93,2341.09000000,'2024-09-18'),(93,2614.60000000,'2024-09-22'),(93,2578.57000000,'2024-09-26'),(93,2659.61000000,'2024-09-30'),(93,2348.00000000,'2024-10-04'),(93,2422.75000000,'2024-10-08'),(93,2435.71000000,'2024-10-12'),(93,2602.08000000,'2024-10-16'),(93,2649.98000000,'2024-10-20'),(93,2524.10000000,'2024-10-24'),(93,2505.50000000,'2024-10-28'),(93,2514.75000000,'2024-11-01'),(93,2395.95000000,'2024-11-05'),(93,2960.96000000,'2024-11-09'),(93,3260.93000000,'2024-11-13'),(93,3133.88000000,'2024-11-17'),(93,3075.19000000,'2024-11-21'),(93,3368.70000000,'2024-11-25'),(93,3579.24000000,'2024-11-29'),(93,3643.86000000,'2024-12-03'),(93,4013.73000000,'2024-12-07'),(93,3626.59000000,'2024-12-11'),(93,3867.00000000,'2024-12-15'),(93,3628.26000000,'2024-12-19'),(93,3275.89000000,'2024-12-23'),(93,3327.79000000,'2024-12-27'),(93,3359.51000000,'2024-12-31'),(93,3604.29000000,'2025-01-04'),(93,3380.02000000,'2025-01-08'),(93,3283.59000000,'2025-01-12'),(93,3447.03000000,'2025-01-16'),(93,3208.14000000,'2025-01-20'),(93,3332.58000000,'2025-01-24'),(93,3173.53000000,'2025-01-28'),(93,3296.39000000,'2025-02-01'),(93,2740.38000000,'2025-02-05'),(93,2635.60000000,'2025-02-09'),(93,2736.27000000,'2025-02-13'),(93,2659.90000000,'2025-02-17'),(93,2741.59000000,'2025-02-21'),(93,2503.10000000,'2025-02-25'),(93,2235.20000000,'2025-03-01'),(93,2171.50000000,'2025-03-05'),(93,2200.00000000,'2025-03-09'),(93,1910.66000000,'2025-03-13'),(93,1887.76000000,'2025-03-17'),(93,1980.83000000,'2025-03-21'),(93,2077.74000000,'2025-03-25'),(93,1896.92000000,'2025-03-29'),(93,1907.17000000,'2025-04-02'),(93,1809.94000000,'2025-04-06'),(93,1662.53000000,'2025-04-10'),(93,1595.42000000,'2025-04-14'),(93,1583.48000000,'2025-04-18'),(93,1577.45000000,'2025-04-22'),(93,1788.80000000,'2025-04-26'),(93,1796.97000000,'2025-04-30'),(93,1834.50000000,'2025-05-04'),(93,1810.32000000,'2025-05-08'),(93,2507.47000000,'2025-05-12'),(93,2542.30000000,'2025-05-16'),(93,2526.99000000,'2025-05-20'),(93,2519.81000000,'2025-05-24'),(93,2662.09000000,'2025-05-28'),(93,2532.36000000,'2025-06-01'),(93,2610.34000000,'2025-06-05'),(93,2508.78000000,'2025-06-09'),(93,2653.16000000,'2025-06-13'),(93,2561.33000000,'2025-06-17'),(93,2405.70000000,'2025-06-21'),(93,2446.54000000,'2025-06-25'),(93,2437.13000000,'2025-06-29'),(93,2574.07000000,'2025-07-03'),(93,2571.36000000,'2025-07-07'),(93,2948.45000000,'2025-07-11'),(93,3012.18000000,'2025-07-15'),(93,3547.32000000,'2025-07-19'),(93,3746.94000000,'2025-07-23'),(93,3742.43000000,'2025-07-27'),(93,3807.42000000,'2025-07-31'),(93,3497.57000000,'2025-08-04'),(93,3911.26000000,'2025-08-08'),(93,4228.82000000,'2025-08-12'),(93,4430.53000000,'2025-08-16'),(93,4074.50000000,'2025-08-20'),(94,0.99993000,'2024-08-21'),(94,1.00100000,'2024-08-25'),(94,0.99911000,'2024-08-29'),(94,1.00100000,'2024-09-02'),(94,0.99954100,'2024-09-06'),(94,0.99953700,'2024-09-10'),(94,1.00100000,'2024-09-14'),(94,1.00000000,'2024-09-18'),(94,0.99984700,'2024-09-22'),(94,1.00100000,'2024-09-26'),(94,0.99992600,'2024-09-30'),(94,0.99963200,'2024-10-04'),(94,0.99878200,'2024-10-08'),(94,0.99998700,'2024-10-12'),(94,0.99931200,'2024-10-16'),(94,1.00000000,'2024-10-20'),(94,0.99911900,'2024-10-24'),(94,0.99839600,'2024-10-28'),(94,0.99820700,'2024-11-01'),(94,0.99963700,'2024-11-05'),(94,1.00100000,'2024-11-09'),(94,1.00200000,'2024-11-13'),(94,1.00100000,'2024-11-17'),(94,1.00200000,'2024-11-21'),(94,1.00100000,'2024-11-25'),(94,1.00000000,'2024-11-29'),(94,1.00100000,'2024-12-03'),(94,1.00200000,'2024-12-07'),(94,1.00100000,'2024-12-11'),(94,0.99970400,'2024-12-15'),(94,0.99814800,'2024-12-19'),(94,0.99859000,'2024-12-23'),(94,0.99882300,'2024-12-27'),(94,0.99849200,'2024-12-31'),(94,0.99950000,'2025-01-04'),(94,0.99987500,'2025-01-08'),(94,0.99963400,'2025-01-12'),(94,1.00000000,'2025-01-16'),(94,0.99871600,'2025-01-20'),(94,1.00000000,'2025-01-24'),(94,0.99987900,'2025-01-28'),(94,0.99971100,'2025-02-01'),(94,1.00000000,'2025-02-05'),(94,1.00000000,'2025-02-09'),(94,1.00000000,'2025-02-13'),(94,1.00000000,'2025-02-17'),(94,1.00000000,'2025-02-21'),(94,0.99972600,'2025-02-25'),(94,0.99944500,'2025-03-01'),(94,0.99977500,'2025-03-05'),(94,0.99967700,'2025-03-09'),(94,0.99974300,'2025-03-13'),(94,0.99990000,'2025-03-17'),(94,0.99940400,'2025-03-21'),(94,1.00000000,'2025-03-25'),(94,0.99951600,'2025-03-29'),(94,0.99998300,'2025-04-02'),(94,0.99960500,'2025-04-06'),(94,0.99976200,'2025-04-10'),(94,0.99971200,'2025-04-14'),(94,1.00000000,'2025-04-18'),(94,1.00000000,'2025-04-22'),(94,1.00100000,'2025-04-26'),(94,1.00000000,'2025-04-30'),(94,1.00000000,'2025-05-04'),(94,1.00000000,'2025-05-08'),(94,1.00000000,'2025-05-12'),(94,1.00000000,'2025-05-16'),(94,1.00000000,'2025-05-20'),(94,1.00000000,'2025-05-24'),(94,1.00000000,'2025-05-28'),(94,1.00000000,'2025-06-01'),(94,1.00000000,'2025-06-05'),(94,1.00000000,'2025-06-09'),(94,1.00000000,'2025-06-13'),(94,1.00000000,'2025-06-17'),(94,1.00000000,'2025-06-21'),(94,1.00000000,'2025-06-25'),(94,1.00000000,'2025-06-29'),(94,1.00000000,'2025-07-03'),(94,1.00000000,'2025-07-07'),(94,1.00000000,'2025-07-11'),(94,1.00000000,'2025-07-15'),(94,1.00100000,'2025-07-19'),(94,1.00000000,'2025-07-23'),(94,1.00000000,'2025-07-27'),(94,0.99990200,'2025-07-31'),(94,1.00000000,'2025-08-04'),(94,1.00000000,'2025-08-08'),(94,0.99998300,'2025-08-12'),(94,1.00100000,'2025-08-16'),(94,0.99989500,'2025-08-20'),(95,0.59439500,'2024-08-21'),(95,0.61393900,'2024-08-25'),(95,0.56969900,'2024-08-29'),(95,0.54825800,'2024-09-02'),(95,0.54411000,'2024-09-06'),(95,0.53960900,'2024-09-10'),(95,0.57315900,'2024-09-14'),(95,0.58498900,'2024-09-18'),(95,0.59799800,'2024-09-22'),(95,0.58389500,'2024-09-26'),(95,0.64259200,'2024-09-30'),(95,0.52165900,'2024-10-04'),(95,0.52981600,'2024-10-08'),(95,0.53830300,'2024-10-12'),(95,0.54096300,'2024-10-16'),(95,0.54432800,'2024-10-20'),(95,0.52582600,'2024-10-24'),(95,0.51635600,'2024-10-28'),(95,0.50911200,'2024-11-01'),(95,0.50287400,'2024-11-05'),(95,0.55409400,'2024-11-09'),(95,0.71257000,'2024-11-13'),(95,1.12000000,'2024-11-17'),(95,1.11000000,'2024-11-21'),(95,1.43000000,'2024-11-25'),(95,1.53000000,'2024-11-29'),(95,2.71000000,'2024-12-03'),(95,2.42000000,'2024-12-07'),(95,2.35000000,'2024-12-11'),(95,2.40000000,'2024-12-15'),(95,2.30000000,'2024-12-19'),(95,2.20000000,'2024-12-23'),(95,2.15000000,'2024-12-27'),(95,2.06000000,'2024-12-31'),(95,2.45000000,'2025-01-04'),(95,2.28000000,'2025-01-08'),(95,2.58000000,'2025-01-12'),(95,3.17000000,'2025-01-16'),(95,2.96000000,'2025-01-20'),(95,3.12000000,'2025-01-24'),(95,3.05000000,'2025-01-28'),(95,3.04000000,'2025-02-01'),(95,2.54000000,'2025-02-05'),(95,2.43000000,'2025-02-09'),(95,2.47000000,'2025-02-13'),(95,2.73000000,'2025-02-17'),(95,2.69000000,'2025-02-21'),(95,2.28000000,'2025-02-25'),(95,2.15000000,'2025-03-01'),(95,2.46000000,'2025-03-05'),(95,2.32000000,'2025-03-09'),(95,2.24000000,'2025-03-13'),(95,2.30000000,'2025-03-17'),(95,2.43000000,'2025-03-21'),(95,2.45000000,'2025-03-25'),(95,2.20000000,'2025-03-29'),(95,2.14000000,'2025-04-02'),(95,2.15000000,'2025-04-06'),(95,2.05000000,'2025-04-10'),(95,2.12000000,'2025-04-14'),(95,2.07000000,'2025-04-18'),(95,2.08000000,'2025-04-22'),(95,2.19000000,'2025-04-26'),(95,2.24000000,'2025-04-30'),(95,2.19000000,'2025-05-04'),(95,2.13000000,'2025-05-08'),(95,2.37000000,'2025-05-12'),(95,2.38000000,'2025-05-16'),(95,2.38000000,'2025-05-20'),(95,2.30000000,'2025-05-24'),(95,2.32000000,'2025-05-28'),(95,2.18000000,'2025-06-01'),(95,2.20000000,'2025-06-05'),(95,2.26000000,'2025-06-09'),(95,2.20000000,'2025-06-13'),(95,2.26000000,'2025-06-17'),(95,2.12000000,'2025-06-21'),(95,2.19000000,'2025-06-25'),(95,2.19000000,'2025-06-29'),(95,2.23000000,'2025-07-03'),(95,2.27000000,'2025-07-07'),(95,2.55000000,'2025-07-11'),(95,2.95000000,'2025-07-15'),(95,3.42000000,'2025-07-19'),(95,3.55000000,'2025-07-23'),(95,3.17000000,'2025-07-27'),(95,3.10000000,'2025-07-31'),(95,2.95000000,'2025-08-04'),(95,3.32000000,'2025-08-08'),(95,3.14000000,'2025-08-12'),(95,3.08000000,'2025-08-16'),(95,2.86000000,'2025-08-20'),(96,142.52000000,'2024-08-21'),(96,160.64000000,'2024-08-25'),(96,143.83000000,'2024-08-29'),(96,128.79000000,'2024-09-02'),(96,129.27000000,'2024-09-06'),(96,134.88000000,'2024-09-10'),(96,138.97000000,'2024-09-14'),(96,131.52000000,'2024-09-18'),(96,149.67000000,'2024-09-22'),(96,148.11000000,'2024-09-26'),(96,158.62000000,'2024-09-30'),(96,136.65000000,'2024-10-04'),(96,144.21000000,'2024-10-08'),(96,145.32000000,'2024-10-12'),(96,154.62000000,'2024-10-16'),(96,159.59000000,'2024-10-20'),(96,171.31000000,'2024-10-24'),(96,176.63000000,'2024-10-28'),(96,168.40000000,'2024-11-01'),(96,157.61000000,'2024-11-05'),(96,199.83000000,'2024-11-09'),(96,213.07000000,'2024-11-13'),(96,216.05000000,'2024-11-17'),(96,236.04000000,'2024-11-21'),(96,253.64000000,'2024-11-25'),(96,237.65000000,'2024-11-29'),(96,225.53000000,'2024-12-03'),(96,237.01000000,'2024-12-07'),(96,213.53000000,'2024-12-11'),(96,219.87000000,'2024-12-15'),(96,205.36000000,'2024-12-19'),(96,180.15000000,'2024-12-23'),(96,188.14000000,'2024-12-27'),(96,190.70000000,'2024-12-31'),(96,217.65000000,'2025-01-04'),(96,202.49000000,'2025-01-08'),(96,188.06000000,'2025-01-12'),(96,205.76000000,'2025-01-16'),(96,251.97000000,'2025-01-20'),(96,253.50000000,'2025-01-24'),(96,234.98000000,'2025-01-28'),(96,231.51000000,'2025-02-01'),(96,207.42000000,'2025-02-05'),(96,199.71000000,'2025-02-09'),(96,196.60000000,'2025-02-13'),(96,188.17000000,'2025-02-17'),(96,176.02000000,'2025-02-21'),(96,141.17000000,'2025-02-25'),(96,148.17000000,'2025-03-01'),(96,145.06000000,'2025-03-05'),(96,136.88000000,'2025-03-09'),(96,126.57000000,'2025-03-13'),(96,126.17000000,'2025-03-17'),(96,127.68000000,'2025-03-21'),(96,140.58000000,'2025-03-25'),(96,129.45000000,'2025-03-29'),(96,126.81000000,'2025-04-02'),(96,120.17000000,'2025-04-06'),(96,118.96000000,'2025-04-10'),(96,128.23000000,'2025-04-14'),(96,134.62000000,'2025-04-18'),(96,136.33000000,'2025-04-22'),(96,150.92000000,'2025-04-26'),(96,146.49000000,'2025-04-30'),(96,146.80000000,'2025-05-04'),(96,147.20000000,'2025-05-08'),(96,172.86000000,'2025-05-12'),(96,168.75000000,'2025-05-16'),(96,166.71000000,'2025-05-20'),(96,174.44000000,'2025-05-24'),(96,176.58000000,'2025-05-28'),(96,156.87000000,'2025-06-01'),(96,153.53000000,'2025-06-05'),(96,152.50000000,'2025-06-09'),(96,152.66000000,'2025-06-13'),(96,151.44000000,'2025-06-17'),(96,140.04000000,'2025-06-21'),(96,145.80000000,'2025-06-25'),(96,150.78000000,'2025-06-29'),(96,152.17000000,'2025-07-03'),(96,151.92000000,'2025-07-07'),(96,163.86000000,'2025-07-11'),(96,162.28000000,'2025-07-15'),(96,177.37000000,'2025-07-19'),(96,205.29000000,'2025-07-23'),(96,184.94000000,'2025-07-27'),(96,177.88000000,'2025-07-31'),(96,161.90000000,'2025-08-04'),(96,175.39000000,'2025-08-08'),(96,175.05000000,'2025-08-12'),(96,185.60000000,'2025-08-16'),(96,176.40000000,'2025-08-20'),(97,569.51000000,'2024-08-21'),(97,580.91000000,'2024-08-25'),(97,536.56000000,'2024-08-29'),(97,512.86000000,'2024-09-02'),(97,502.34000000,'2024-09-06'),(97,519.04000000,'2024-09-10'),(97,557.30000000,'2024-09-14'),(97,545.86000000,'2024-09-18'),(97,589.13000000,'2024-09-22'),(97,587.45000000,'2024-09-26'),(97,596.61000000,'2024-09-30'),(97,543.93000000,'2024-10-04'),(97,564.55000000,'2024-10-08'),(97,572.70000000,'2024-10-12'),(97,593.79000000,'2024-10-16'),(97,598.06000000,'2024-10-20'),(97,584.52000000,'2024-10-24'),(97,588.35000000,'2024-10-28'),(97,575.58000000,'2024-11-01'),(97,552.00000000,'2024-11-05'),(97,598.05000000,'2024-11-09'),(97,629.14000000,'2024-11-13'),(97,622.52000000,'2024-11-17'),(97,607.30000000,'2024-11-21'),(97,661.69000000,'2024-11-25'),(97,654.59000000,'2024-11-29'),(97,647.12000000,'2024-12-03'),(97,732.54000000,'2024-12-07'),(97,675.42000000,'2024-12-11'),(97,715.45000000,'2024-12-15'),(97,687.66000000,'2024-12-19'),(97,648.57000000,'2024-12-23'),(97,687.52000000,'2024-12-27'),(97,703.11000000,'2024-12-31'),(97,713.05000000,'2025-01-04'),(97,696.83000000,'2025-01-08'),(97,696.73000000,'2025-01-12'),(97,714.79000000,'2025-01-16'),(97,682.35000000,'2025-01-20'),(97,689.69000000,'2025-01-24'),(97,679.68000000,'2025-01-28'),(97,677.11000000,'2025-02-01'),(97,573.60000000,'2025-02-05'),(97,614.71000000,'2025-02-09'),(97,698.07000000,'2025-02-13'),(97,674.73000000,'2025-02-17'),(97,657.24000000,'2025-02-21'),(97,611.65000000,'2025-02-25'),(97,587.55000000,'2025-03-01'),(97,583.15000000,'2025-03-05'),(97,593.08000000,'2025-03-09'),(97,570.72000000,'2025-03-13'),(97,602.02000000,'2025-03-17'),(97,630.22000000,'2025-03-21'),(97,635.82000000,'2025-03-25'),(97,619.52000000,'2025-03-29'),(97,611.03000000,'2025-04-02'),(97,594.09000000,'2025-04-06'),(97,582.26000000,'2025-04-10'),(97,583.64000000,'2025-04-14'),(97,590.14000000,'2025-04-18'),(97,596.74000000,'2025-04-22'),(97,600.19000000,'2025-04-26'),(97,600.59000000,'2025-04-30'),(97,599.25000000,'2025-05-04'),(97,603.14000000,'2025-05-08'),(97,650.87000000,'2025-05-12'),(97,651.14000000,'2025-05-16'),(97,651.04000000,'2025-05-20'),(97,655.37000000,'2025-05-24'),(97,687.44000000,'2025-05-28'),(97,658.57000000,'2025-06-01'),(97,663.70000000,'2025-06-05'),(97,652.27000000,'2025-06-09'),(97,656.48000000,'2025-06-13'),(97,651.48000000,'2025-06-17'),(97,641.47000000,'2025-06-21'),(97,643.41000000,'2025-06-25'),(97,648.77000000,'2025-06-29'),(97,660.03000000,'2025-07-03'),(97,663.02000000,'2025-07-07'),(97,685.11000000,'2025-07-11'),(97,689.32000000,'2025-07-15'),(97,729.51000000,'2025-07-19'),(97,786.48000000,'2025-07-23'),(97,794.29000000,'2025-07-27'),(97,793.87000000,'2025-07-31'),(97,751.40000000,'2025-08-04'),(97,787.19000000,'2025-08-08'),(97,806.83000000,'2025-08-12'),(97,827.29000000,'2025-08-16'),(97,823.46000000,'2025-08-20'),(98,0.99964500,'2024-08-21'),(98,1.00100000,'2024-08-25'),(98,0.99936300,'2024-08-29'),(98,1.00000000,'2024-09-02'),(98,1.00000000,'2024-09-06'),(98,0.99938700,'2024-09-10'),(98,0.99997400,'2024-09-14'),(98,0.99995300,'2024-09-18'),(98,0.99992900,'2024-09-22'),(98,1.00100000,'2024-09-26'),(98,0.99977800,'2024-09-30'),(98,0.99965900,'2024-10-04'),(98,0.99926900,'2024-10-08'),(98,0.99990000,'2024-10-12'),(98,0.99937900,'2024-10-16'),(98,0.99999500,'2024-10-20'),(98,1.00000000,'2024-10-24'),(98,0.99966700,'2024-10-28'),(98,0.99935100,'2024-11-01'),(98,1.00000000,'2024-11-05'),(98,0.99997400,'2024-11-09'),(98,1.00100000,'2024-11-13'),(98,0.99983900,'2024-11-17'),(98,1.00100000,'2024-11-21'),(98,1.00000000,'2024-11-25'),(98,0.99990000,'2024-11-29'),(98,1.00100000,'2024-12-03'),(98,0.99997200,'2024-12-07'),(98,0.99900500,'2024-12-11'),(98,0.99974100,'2024-12-15'),(98,0.99952800,'2024-12-19'),(98,0.99959600,'2024-12-23'),(98,1.00000000,'2024-12-27'),(98,1.00000000,'2024-12-31'),(98,0.99943600,'2025-01-04'),(98,0.99981000,'2025-01-08'),(98,0.99999800,'2025-01-12'),(98,1.00000000,'2025-01-16'),(98,1.00000000,'2025-01-20'),(98,0.99993100,'2025-01-24'),(98,1.00000000,'2025-01-28'),(98,0.99999800,'2025-02-01'),(98,0.99997500,'2025-02-05'),(98,0.99999500,'2025-02-09'),(98,0.99990200,'2025-02-13'),(98,0.99994200,'2025-02-17'),(98,0.99981000,'2025-02-21'),(98,0.99987500,'2025-02-25'),(98,0.99985400,'2025-03-01'),(98,0.99991200,'2025-03-05'),(98,0.99985500,'2025-03-09'),(98,0.99979800,'2025-03-13'),(98,0.99979800,'2025-03-17'),(98,0.99979900,'2025-03-21'),(98,0.99986900,'2025-03-25'),(98,0.99998400,'2025-03-29'),(98,0.99995100,'2025-04-02'),(98,0.99993300,'2025-04-06'),(98,0.99991500,'2025-04-10'),(98,0.99989900,'2025-04-14'),(98,0.99998600,'2025-04-18'),(98,0.99993000,'2025-04-22'),(98,1.00000000,'2025-04-26'),(98,0.99995600,'2025-04-30'),(98,0.99993800,'2025-05-04'),(98,0.99995900,'2025-05-08'),(98,0.99999700,'2025-05-12'),(98,0.99990200,'2025-05-16'),(98,0.99985800,'2025-05-20'),(98,0.99976100,'2025-05-24'),(98,0.99976500,'2025-05-28'),(98,0.99977200,'2025-06-01'),(98,0.99977600,'2025-06-05'),(98,0.99976600,'2025-06-09'),(98,0.99979800,'2025-06-13'),(98,0.99970300,'2025-06-17'),(98,0.99980400,'2025-06-21'),(98,0.99992400,'2025-06-25'),(98,0.99984600,'2025-06-29'),(98,0.99980600,'2025-07-03'),(98,0.99985700,'2025-07-07'),(98,0.99980600,'2025-07-11'),(98,0.99989200,'2025-07-15'),(98,0.99983200,'2025-07-19'),(98,0.99990400,'2025-07-23'),(98,0.99981300,'2025-07-27'),(98,0.99982800,'2025-07-31'),(98,0.99970200,'2025-08-04'),(98,0.99980200,'2025-08-08'),(98,0.99983300,'2025-08-12'),(98,0.99980700,'2025-08-16'),(98,0.99980400,'2025-08-20'),(99,0.10306500,'2024-08-21'),(99,0.11266300,'2024-08-25'),(99,0.09953200,'2024-08-29'),(99,0.09543800,'2024-09-02'),(99,0.09837000,'2024-09-06'),(99,0.10385500,'2024-09-10'),(99,0.10701100,'2024-09-14'),(99,0.10116300,'2024-09-18'),(99,0.11015900,'2024-09-22'),(99,0.10851400,'2024-09-26'),(99,0.12476000,'2024-09-30'),(99,0.10503200,'2024-10-04'),(99,0.10888900,'2024-10-08'),(99,0.11076000,'2024-10-12'),(99,0.11715000,'2024-10-16'),(99,0.14481700,'2024-10-20'),(99,0.13990000,'2024-10-24'),(99,0.14426400,'2024-10-28'),(99,0.16161200,'2024-11-01'),(99,0.15815200,'2024-11-05'),(99,0.20201600,'2024-11-09'),(99,0.38635200,'2024-11-13'),(99,0.36405600,'2024-11-17'),(99,0.37882600,'2024-11-21'),(99,0.42986100,'2024-11-25'),(99,0.40217400,'2024-11-29'),(99,0.42405000,'2024-12-03'),(99,0.43569400,'2024-12-07'),(99,0.39338400,'2024-12-11'),(99,0.39778500,'2024-12-15'),(99,0.35823800,'2024-12-19'),(99,0.31191100,'2024-12-23'),(99,0.31192200,'2024-12-27'),(99,0.31343400,'2024-12-31'),(99,0.37924200,'2025-01-04'),(99,0.34900400,'2025-01-08'),(99,0.34147300,'2025-01-12'),(99,0.38697400,'2025-01-16'),(99,0.35786100,'2025-01-20'),(99,0.35227000,'2025-01-24'),(99,0.33346300,'2025-01-28'),(99,0.32860100,'2025-02-01'),(99,0.26466100,'2025-02-05'),(99,0.25315800,'2025-02-09'),(99,0.26404400,'2025-02-13'),(99,0.26545700,'2025-02-17'),(99,0.25489800,'2025-02-21'),(99,0.21018700,'2025-02-25'),(99,0.20209100,'2025-03-01'),(99,0.19921000,'2025-03-05'),(99,0.19200900,'2025-03-09'),(99,0.17243700,'2025-03-13'),(99,0.16830200,'2025-03-17'),(99,0.16956200,'2025-03-21'),(99,0.18261600,'2025-03-25'),(99,0.18027700,'2025-03-29'),(99,0.17426900,'2025-04-02'),(99,0.16936800,'2025-04-06'),(99,0.16055900,'2025-04-10'),(99,0.16266900,'2025-04-14'),(99,0.15587200,'2025-04-18'),(99,0.15908400,'2025-04-22'),(99,0.18203100,'2025-04-26'),(99,0.17439900,'2025-04-30'),(99,0.17576800,'2025-05-04'),(99,0.17211600,'2025-05-08'),(99,0.23156200,'2025-05-12'),(99,0.21881900,'2025-05-16'),(99,0.22450500,'2025-05-20'),(99,0.22560500,'2025-05-24'),(99,0.22613700,'2025-05-28'),(99,0.19295700,'2025-06-01'),(99,0.18839800,'2025-06-05'),(99,0.18422300,'2025-06-09'),(99,0.18169700,'2025-06-13'),(99,0.17378600,'2025-06-17'),(99,0.16233200,'2025-06-21'),(99,0.16561500,'2025-06-25'),(99,0.16373100,'2025-06-29'),(99,0.16892600,'2025-07-03'),(99,0.17184600,'2025-07-07'),(99,0.19393400,'2025-07-11'),(99,0.19720200,'2025-07-15'),(99,0.23623300,'2025-07-19'),(99,0.26965300,'2025-07-23'),(99,0.23580500,'2025-07-27'),(99,0.22031700,'2025-07-31'),(99,0.19886300,'2025-08-04'),(99,0.22242600,'2025-08-08'),(99,0.22279700,'2025-08-12'),(99,0.22821300,'2025-08-16'),(99,0.20911000,'2025-08-20'),(100,0.34356000,'2024-08-21'),(100,0.39455100,'2024-08-25'),(100,0.35019700,'2024-08-29'),(100,0.33191600,'2024-09-02'),(100,0.32523400,'2024-09-06'),(100,0.34341500,'2024-09-10'),(100,0.36091000,'2024-09-14'),(100,0.33401700,'2024-09-18'),(100,0.35867100,'2024-09-22'),(100,0.38072800,'2024-09-26'),(100,0.39747400,'2024-09-30'),(100,0.34477600,'2024-10-04'),(100,0.35134300,'2024-10-08'),(100,0.35111500,'2024-10-12'),(100,0.35809500,'2024-10-16'),(100,0.35160500,'2024-10-20'),(100,0.35002400,'2024-10-24'),(100,0.33955000,'2024-10-28'),(100,0.34160200,'2024-11-01'),(100,0.32579500,'2024-11-05'),(100,0.44389500,'2024-11-09'),(100,0.57611200,'2024-11-13'),(100,0.73695800,'2024-11-17'),(100,0.80300100,'2024-11-21'),(100,1.02600000,'2024-11-25'),(100,1.03200000,'2024-11-29'),(100,1.20000000,'2024-12-03'),(100,1.23000000,'2024-12-07'),(100,1.01700000,'2024-12-11'),(100,1.06000000,'2024-12-15'),(100,0.96899200,'2024-12-19'),(100,0.88279600,'2024-12-23'),(100,0.85934200,'2024-12-27'),(100,0.85913100,'2024-12-31'),(100,1.09000000,'2025-01-04'),(100,0.99333500,'2025-01-08'),(100,0.99613700,'2025-01-12'),(100,1.08400000,'2025-01-16'),(100,0.99178300,'2025-01-20'),(100,0.98803400,'2025-01-24'),(100,0.93316500,'2025-01-28'),(100,0.94253100,'2025-02-01'),(100,0.74697000,'2025-02-05'),(100,0.70217800,'2025-02-09'),(100,0.79797500,'2025-02-13'),(100,0.77135000,'2025-02-17'),(100,0.80481900,'2025-02-21'),(100,0.67999600,'2025-02-25'),(100,0.63407200,'2025-03-01'),(100,0.94354500,'2025-03-05'),(100,0.80446800,'2025-03-09'),(100,0.73666700,'2025-03-13'),(100,0.70632300,'2025-03-17'),(100,0.71778200,'2025-03-21'),(100,0.72996100,'2025-03-25'),(100,0.70545000,'2025-03-29'),(100,0.67829200,'2025-04-02'),(100,0.65621900,'2025-04-06'),(100,0.63200900,'2025-04-10'),(100,0.63700400,'2025-04-14'),(100,0.61689500,'2025-04-18'),(100,0.62263700,'2025-04-22'),(100,0.71388600,'2025-04-26'),(100,0.69573500,'2025-04-30'),(100,0.70134700,'2025-05-04'),(100,0.67137600,'2025-05-08'),(100,0.80486300,'2025-05-12'),(100,0.76090900,'2025-05-16'),(100,0.74260500,'2025-05-20'),(100,0.74825400,'2025-05-24'),(100,0.75780200,'2025-05-28'),(100,0.68630400,'2025-06-01'),(100,0.66623500,'2025-06-05'),(100,0.66964800,'2025-06-09'),(100,0.66456200,'2025-06-13'),(100,0.63480900,'2025-06-17'),(100,0.57684800,'2025-06-21'),(100,0.58721900,'2025-06-25'),(100,0.56559800,'2025-06-29'),(100,0.58469500,'2025-07-03'),(100,0.58570600,'2025-07-07'),(100,0.67713300,'2025-07-11'),(100,0.73398600,'2025-07-15'),(100,0.81617400,'2025-07-19'),(100,0.90276100,'2025-07-23'),(100,0.81908000,'2025-07-27'),(100,0.76428400,'2025-07-31'),(100,0.72623700,'2025-08-04'),(100,0.78656900,'2025-08-08'),(100,0.77424400,'2025-08-12'),(100,0.94179900,'2025-08-16'),(100,0.84485300,'2025-08-20'),(101,2575.48000000,'2024-08-21'),(101,2766.34000000,'2024-08-25'),(101,2524.75000000,'2024-08-29'),(101,2428.05000000,'2024-09-02'),(101,2366.82000000,'2024-09-06'),(101,2357.51000000,'2024-09-10'),(101,2446.63000000,'2024-09-14'),(101,2338.03000000,'2024-09-18'),(101,2615.21000000,'2024-09-22'),(101,2578.34000000,'2024-09-26'),(101,2656.43000000,'2024-09-30'),(101,2346.79000000,'2024-10-04'),(101,2423.46000000,'2024-10-08'),(101,2434.94000000,'2024-10-12'),(101,2601.65000000,'2024-10-16'),(101,2648.96000000,'2024-10-20'),(101,2521.92000000,'2024-10-24'),(101,2504.50000000,'2024-10-28'),(101,2515.55000000,'2024-11-01'),(101,2394.87000000,'2024-11-05'),(101,2962.36000000,'2024-11-09'),(101,3255.03000000,'2024-11-13'),(101,3129.53000000,'2024-11-17'),(101,3069.34000000,'2024-11-21'),(101,3358.07000000,'2024-11-25'),(101,3578.79000000,'2024-11-29'),(101,3640.27000000,'2024-12-03'),(101,4009.61000000,'2024-12-07'),(101,3628.36000000,'2024-12-11'),(101,3861.24000000,'2024-12-15'),(101,3615.46000000,'2024-12-19'),(101,3268.25000000,'2024-12-23'),(101,3327.32000000,'2024-12-27'),(101,3355.33000000,'2024-12-31'),(101,3601.12000000,'2025-01-04'),(101,3376.97000000,'2025-01-08'),(101,3279.42000000,'2025-01-12'),(101,3445.00000000,'2025-01-16'),(101,3209.79000000,'2025-01-20'),(101,3330.79000000,'2025-01-24'),(101,3169.26000000,'2025-01-28'),(101,3293.75000000,'2025-02-01'),(101,2732.31000000,'2025-02-05'),(101,2630.99000000,'2025-02-09'),(101,2738.99000000,'2025-02-13'),(101,2661.46000000,'2025-02-17'),(101,2739.89000000,'2025-02-21'),(101,2504.28000000,'2025-02-25'),(101,2230.61000000,'2025-03-01'),(101,2167.26000000,'2025-03-05'),(101,2199.22000000,'2025-03-09'),(101,1908.04000000,'2025-03-13'),(101,1886.37000000,'2025-03-17'),(101,1979.03000000,'2025-03-21'),(101,2075.51000000,'2025-03-25'),(101,1896.35000000,'2025-03-29'),(101,1906.67000000,'2025-04-02'),(101,1807.82000000,'2025-04-06'),(101,1660.96000000,'2025-04-10'),(101,1594.58000000,'2025-04-14'),(101,1582.22000000,'2025-04-18'),(101,1576.21000000,'2025-04-22'),(101,1786.36000000,'2025-04-26'),(101,1793.57000000,'2025-04-30'),(101,1834.03000000,'2025-05-04'),(101,1809.83000000,'2025-05-08'),(101,2502.40000000,'2025-05-12'),(101,2538.28000000,'2025-05-16'),(101,2526.08000000,'2025-05-20'),(101,2518.08000000,'2025-05-24'),(101,2657.19000000,'2025-05-28'),(101,2531.33000000,'2025-06-01'),(101,2608.55000000,'2025-06-05'),(101,2507.96000000,'2025-06-09'),(101,2651.70000000,'2025-06-13'),(101,2556.91000000,'2025-06-17'),(101,2405.71000000,'2025-06-21'),(101,2445.07000000,'2025-06-25'),(101,2435.53000000,'2025-06-29'),(101,2570.61000000,'2025-07-03'),(101,2570.68000000,'2025-07-07'),(101,2951.23000000,'2025-07-11'),(101,3011.28000000,'2025-07-15'),(101,3539.94000000,'2025-07-19'),(101,3731.40000000,'2025-07-23'),(101,3750.75000000,'2025-07-27'),(101,3803.39000000,'2025-07-31'),(101,3490.94000000,'2025-08-04'),(101,3905.27000000,'2025-08-08'),(101,4222.08000000,'2025-08-12'),(101,4418.30000000,'2025-08-16'),(101,4066.17000000,'2025-08-20'),(102,0.16054100,'2024-08-21'),(102,0.15902200,'2024-08-25'),(102,0.15803000,'2024-08-29'),(102,0.15565700,'2024-09-02'),(102,0.14974300,'2024-09-06'),(102,0.15439700,'2024-09-10'),(102,0.14904900,'2024-09-14'),(102,0.15001500,'2024-09-18'),(102,0.15209700,'2024-09-22'),(102,0.15011000,'2024-09-26'),(102,0.15643700,'2024-09-30'),(102,0.15741100,'2024-10-04'),(102,0.15573100,'2024-10-08'),(102,0.15974400,'2024-10-12'),(102,0.15871300,'2024-10-16'),(102,0.15723600,'2024-10-20'),(102,0.16017800,'2024-10-24'),(102,0.16385000,'2024-10-28'),(102,0.16806500,'2024-11-01'),(102,0.16290700,'2024-11-05'),(102,0.16108500,'2024-11-09'),(102,0.18886900,'2024-11-13'),(102,0.20015300,'2024-11-17'),(102,0.19528000,'2024-11-21'),(102,0.20927000,'2024-11-25'),(102,0.20323800,'2024-11-29'),(102,0.22003300,'2024-12-03'),(102,0.32519900,'2024-12-07'),(102,0.26980900,'2024-12-11'),(102,0.28213000,'2024-12-15'),(102,0.25798100,'2024-12-19'),(102,0.24373200,'2024-12-23'),(102,0.25322600,'2024-12-27'),(102,0.25295600,'2024-12-31'),(102,0.26978900,'2025-01-04'),(102,0.25283900,'2025-01-08'),(102,0.24100600,'2025-01-12'),(102,0.23819000,'2025-01-16'),(102,0.22870000,'2025-01-20'),(102,0.25261000,'2025-01-24'),(102,0.24646200,'2025-01-28'),(102,0.25377300,'2025-02-01'),(102,0.22487400,'2025-02-05'),(102,0.23188500,'2025-02-09'),(102,0.24345500,'2025-02-13'),(102,0.24282500,'2025-02-17'),(102,0.24648500,'2025-02-21'),(102,0.23943200,'2025-02-25'),(102,0.23324200,'2025-03-01'),(102,0.24219900,'2025-03-05'),(102,0.24391100,'2025-03-09'),(102,0.22322800,'2025-03-13'),(102,0.21213500,'2025-03-17'),(102,0.23474500,'2025-03-21'),(102,0.22808900,'2025-03-25'),(102,0.23246700,'2025-03-29'),(102,0.23766600,'2025-04-02'),(102,0.23808100,'2025-04-06'),(102,0.23860700,'2025-04-10'),(102,0.25432200,'2025-04-14'),(102,0.24785800,'2025-04-18'),(102,0.24631000,'2025-04-22'),(102,0.24192700,'2025-04-26'),(102,0.24363700,'2025-04-30'),(102,0.24561100,'2025-05-04'),(102,0.24882100,'2025-05-08'),(102,0.26492700,'2025-05-12'),(102,0.27300900,'2025-05-16'),(102,0.26661700,'2025-05-20'),(102,0.26848200,'2025-05-24'),(102,0.27754300,'2025-05-28'),(102,0.26575500,'2025-06-01'),(102,0.27441500,'2025-06-05'),(102,0.28189300,'2025-06-09'),(102,0.27211600,'2025-06-13'),(102,0.27520400,'2025-06-17'),(102,0.27248300,'2025-06-21'),(102,0.27392200,'2025-06-25'),(102,0.27460600,'2025-06-29'),(102,0.28475400,'2025-07-03'),(102,0.28722700,'2025-07-07'),(102,0.29360100,'2025-07-11'),(102,0.30253100,'2025-07-15'),(102,0.32576100,'2025-07-19'),(102,0.31593600,'2025-07-23'),(102,0.32003700,'2025-07-27'),(102,0.32758100,'2025-07-31'),(102,0.32758500,'2025-08-04'),(102,0.33845100,'2025-08-08'),(102,0.34548800,'2025-08-12'),(102,0.35216800,'2025-08-16'),(102,0.34812400,'2025-08-20'),(103,4.52000000,'2024-08-21'),(103,4.99000000,'2024-08-25'),(103,4.26000000,'2024-08-29'),(103,4.07000000,'2024-09-02'),(103,4.02000000,'2024-09-06'),(103,4.29000000,'2024-09-10'),(103,4.43000000,'2024-09-14'),(103,4.15000000,'2024-09-18'),(103,4.47000000,'2024-09-22'),(103,4.64000000,'2024-09-26'),(103,4.77000000,'2024-09-30'),(103,4.12000000,'2024-10-04'),(103,4.14000000,'2024-10-08'),(103,4.17000000,'2024-10-12'),(103,4.40000000,'2024-10-16'),(103,4.44000000,'2024-10-20'),(103,4.21000000,'2024-10-24'),(103,4.12000000,'2024-10-28'),(103,3.96000000,'2024-11-01'),(103,3.75000000,'2024-11-05'),(103,4.33000000,'2024-11-09'),(103,5.36000000,'2024-11-13'),(103,5.76000000,'2024-11-17'),(103,5.74000000,'2024-11-21'),(103,8.83000000,'2024-11-25'),(103,8.63000000,'2024-11-29'),(103,10.03000000,'2024-12-03'),(103,10.73000000,'2024-12-07'),(103,8.38000000,'2024-12-11'),(103,8.55000000,'2024-12-15'),(103,7.70000000,'2024-12-19'),(103,6.82000000,'2024-12-23'),(103,6.93000000,'2024-12-27'),(103,6.69000000,'2024-12-31'),(103,7.74000000,'2025-01-04'),(103,7.03000000,'2025-01-08'),(103,6.74000000,'2025-01-12'),(103,7.19000000,'2025-01-16'),(103,6.24000000,'2025-01-20'),(103,6.36000000,'2025-01-24'),(103,5.93000000,'2025-01-28'),(103,6.31000000,'2025-02-01'),(103,4.75000000,'2025-02-05'),(103,4.75000000,'2025-02-09'),(103,5.23000000,'2025-02-13'),(103,4.88000000,'2025-02-17'),(103,5.05000000,'2025-02-21'),(103,4.41000000,'2025-02-25'),(103,4.72000000,'2025-03-01'),(103,4.33000000,'2025-03-05'),(103,4.29000000,'2025-03-09'),(103,3.98000000,'2025-03-13'),(103,4.30000000,'2025-03-17'),(103,4.40000000,'2025-03-21'),(103,4.61000000,'2025-03-25'),(103,4.29000000,'2025-03-29'),(103,4.18000000,'2025-04-02'),(103,3.96000000,'2025-04-06'),(103,3.64000000,'2025-04-10'),(103,3.65000000,'2025-04-14'),(103,3.63000000,'2025-04-18'),(103,3.79000000,'2025-04-22'),(103,4.26000000,'2025-04-26'),(103,4.14000000,'2025-04-30'),(103,4.04000000,'2025-05-04'),(103,3.97000000,'2025-05-08'),(103,5.09000000,'2025-05-12'),(103,4.76000000,'2025-05-16'),(103,4.59000000,'2025-05-20'),(103,4.56000000,'2025-05-24'),(103,4.53000000,'2025-05-28'),(103,4.08000000,'2025-06-01'),(103,4.02000000,'2025-06-05'),(103,4.02000000,'2025-06-09'),(103,3.93000000,'2025-06-13'),(103,3.87000000,'2025-06-17'),(103,3.44000000,'2025-06-21'),(103,3.43000000,'2025-06-25'),(103,3.40000000,'2025-06-29'),(103,3.55000000,'2025-07-03'),(103,3.39000000,'2025-07-07'),(103,3.87000000,'2025-07-11'),(103,3.95000000,'2025-07-15'),(103,4.23000000,'2025-07-19'),(103,4.54000000,'2025-07-23'),(103,4.13000000,'2025-07-27'),(103,3.81000000,'2025-07-31'),(103,3.60000000,'2025-08-04'),(103,3.86000000,'2025-08-08'),(103,3.87000000,'2025-08-12'),(103,3.89000000,'2025-08-16'),(103,3.72000000,'2025-08-20'),(104,3032.46000000,'2024-08-21'),(104,3251.88000000,'2024-08-25'),(104,2977.31000000,'2024-08-29'),(104,2860.39000000,'2024-09-02'),(104,2786.70000000,'2024-09-06'),(104,2782.40000000,'2024-09-10'),(104,2884.39000000,'2024-09-14'),(104,2754.31000000,'2024-09-18'),(104,3082.81000000,'2024-09-22'),(104,3037.74000000,'2024-09-26'),(104,3136.44000000,'2024-09-30'),(104,2772.21000000,'2024-10-04'),(104,2862.85000000,'2024-10-08'),(104,2882.46000000,'2024-10-12'),(104,3065.91000000,'2024-10-16'),(104,3131.20000000,'2024-10-20'),(104,2977.28000000,'2024-10-24'),(104,2967.79000000,'2024-10-28'),(104,2982.77000000,'2024-11-01'),(104,2836.47000000,'2024-11-05'),(104,3512.70000000,'2024-11-09'),(104,3864.62000000,'2024-11-13'),(104,3727.97000000,'2024-11-17'),(104,3642.84000000,'2024-11-21'),(104,3993.38000000,'2024-11-25'),(104,4242.73000000,'2024-11-29'),(104,4291.71000000,'2024-12-03'),(104,4755.65000000,'2024-12-07'),(104,4320.97000000,'2024-12-11'),(104,4586.61000000,'2024-12-15'),(104,4321.35000000,'2024-12-19'),(104,3887.82000000,'2024-12-23'),(104,4003.79000000,'2024-12-27'),(104,3982.79000000,'2024-12-31'),(104,4289.26000000,'2025-01-04'),(104,4025.49000000,'2025-01-08'),(104,3912.75000000,'2025-01-12'),(104,4095.89000000,'2025-01-16'),(104,3859.27000000,'2025-01-20'),(104,3951.92000000,'2025-01-24'),(104,3772.91000000,'2025-01-28'),(104,3917.99000000,'2025-02-01'),(104,3232.85000000,'2025-02-05'),(104,3144.42000000,'2025-02-09'),(104,3268.57000000,'2025-02-13'),(104,3178.63000000,'2025-02-17'),(104,3275.19000000,'2025-02-21'),(104,2988.23000000,'2025-02-25'),(104,2663.51000000,'2025-03-01'),(104,2586.61000000,'2025-03-05'),(104,2639.43000000,'2025-03-09'),(104,2281.82000000,'2025-03-13'),(104,2248.04000000,'2025-03-17'),(104,2366.81000000,'2025-03-21'),(104,2485.11000000,'2025-03-25'),(104,2255.63000000,'2025-03-29'),(104,2285.43000000,'2025-04-02'),(104,2157.44000000,'2025-04-06'),(104,1987.57000000,'2025-04-10'),(104,1905.16000000,'2025-04-14'),(104,1899.41000000,'2025-04-18'),(104,1892.92000000,'2025-04-22'),(104,2149.37000000,'2025-04-26'),(104,2154.12000000,'2025-04-30'),(104,2202.62000000,'2025-05-04'),(104,2175.25000000,'2025-05-08'),(104,3016.13000000,'2025-05-12'),(104,3049.00000000,'2025-05-16'),(104,3036.98000000,'2025-05-20'),(104,3038.79000000,'2025-05-24'),(104,3199.00000000,'2025-05-28'),(104,3050.48000000,'2025-06-01'),(104,3137.49000000,'2025-06-05'),(104,3020.92000000,'2025-06-09'),(104,3198.09000000,'2025-06-13'),(104,3091.54000000,'2025-06-17'),(104,2904.51000000,'2025-06-21'),(104,2955.85000000,'2025-06-25'),(104,2941.07000000,'2025-06-29'),(104,3113.67000000,'2025-07-03'),(104,3098.47000000,'2025-07-07'),(104,3564.47000000,'2025-07-11'),(104,3637.79000000,'2025-07-15'),(104,4269.98000000,'2025-07-19'),(104,4511.38000000,'2025-07-23'),(104,4521.08000000,'2025-07-27'),(104,4594.10000000,'2025-07-31'),(104,4226.90000000,'2025-08-04'),(104,4723.79000000,'2025-08-08'),(104,5108.49000000,'2025-08-12'),(104,5346.18000000,'2025-08-16'),(104,4928.58000000,'2025-08-20'),(105,10.25000000,'2024-08-21'),(105,12.36000000,'2024-08-25'),(105,11.18000000,'2024-08-29'),(105,10.36000000,'2024-09-02'),(105,10.01000000,'2024-09-06'),(105,10.56000000,'2024-09-10'),(105,11.46000000,'2024-09-14'),(105,10.63000000,'2024-09-18'),(105,11.51000000,'2024-09-22'),(105,12.11000000,'2024-09-26'),(105,12.48000000,'2024-09-30'),(105,10.64000000,'2024-10-04'),(105,11.14000000,'2024-10-08'),(105,10.90000000,'2024-10-12'),(105,11.42000000,'2024-10-16'),(105,11.43000000,'2024-10-20'),(105,11.33000000,'2024-10-24'),(105,10.97000000,'2024-10-28'),(105,11.43000000,'2024-11-01'),(105,10.25000000,'2024-11-05'),(105,13.73000000,'2024-11-09'),(105,14.07000000,'2024-11-13'),(105,14.52000000,'2024-11-17'),(105,14.29000000,'2024-11-21'),(105,18.00000000,'2024-11-25'),(105,17.97000000,'2024-11-29'),(105,24.99000000,'2024-12-03'),(105,25.82000000,'2024-12-07'),(105,22.23000000,'2024-12-11'),(105,29.05000000,'2024-12-15'),(105,24.92000000,'2024-12-19'),(105,22.03000000,'2024-12-23'),(105,22.65000000,'2024-12-27'),(105,20.57000000,'2024-12-31'),(105,23.36000000,'2025-01-04'),(105,21.42000000,'2025-01-08'),(105,20.19000000,'2025-01-12'),(105,22.14000000,'2025-01-16'),(105,24.41000000,'2025-01-20'),(105,25.61000000,'2025-01-24'),(105,24.11000000,'2025-01-28'),(105,25.11000000,'2025-02-01'),(105,20.09000000,'2025-02-05'),(105,18.47000000,'2025-02-09'),(105,19.17000000,'2025-02-13'),(105,18.69000000,'2025-02-17'),(105,18.30000000,'2025-02-21'),(105,15.21000000,'2025-02-25'),(105,14.83000000,'2025-03-01'),(105,14.87000000,'2025-03-05'),(105,15.24000000,'2025-03-09'),(105,13.50000000,'2025-03-13'),(105,13.37000000,'2025-03-17'),(105,14.21000000,'2025-03-21'),(105,15.06000000,'2025-03-25'),(105,14.25000000,'2025-03-29'),(105,14.06000000,'2025-04-02'),(105,12.85000000,'2025-04-06'),(105,12.65000000,'2025-04-10'),(105,12.60000000,'2025-04-14'),(105,12.53000000,'2025-04-18'),(105,13.08000000,'2025-04-22'),(105,14.94000000,'2025-04-26'),(105,14.62000000,'2025-04-30'),(105,14.26000000,'2025-05-04'),(105,13.83000000,'2025-05-08'),(105,17.03000000,'2025-05-12'),(105,15.97000000,'2025-05-16'),(105,15.79000000,'2025-05-20'),(105,15.61000000,'2025-05-24'),(105,15.90000000,'2025-05-28'),(105,14.00000000,'2025-06-01'),(105,13.85000000,'2025-06-05'),(105,13.69000000,'2025-06-09'),(105,14.03000000,'2025-06-13'),(105,13.65000000,'2025-06-17'),(105,12.51000000,'2025-06-21'),(105,13.40000000,'2025-06-25'),(105,13.40000000,'2025-06-29'),(105,13.57000000,'2025-07-03'),(105,13.49000000,'2025-07-07'),(105,15.23000000,'2025-07-11'),(105,15.77000000,'2025-07-15'),(105,17.82000000,'2025-07-19'),(105,19.65000000,'2025-07-23'),(105,18.42000000,'2025-07-27'),(105,17.72000000,'2025-07-31'),(105,16.30000000,'2025-08-04'),(105,18.48000000,'2025-08-08'),(105,21.17000000,'2025-08-12'),(105,21.75000000,'2025-08-16'),(105,23.52000000,'2025-08-20'),(106,0.00001365,'2024-08-21'),(106,0.00001564,'2024-08-25'),(106,0.00001386,'2024-08-29'),(106,0.00001316,'2024-09-02'),(106,0.00001319,'2024-09-06'),(106,0.00001354,'2024-09-10'),(106,0.00001399,'2024-09-14'),(106,0.00001331,'2024-09-18'),(106,0.00001500,'2024-09-22'),(106,0.00001523,'2024-09-26'),(106,0.00001936,'2024-09-30'),(106,0.00001604,'2024-10-04'),(106,0.00001752,'2024-10-08'),(106,0.00001763,'2024-10-12'),(106,0.00001818,'2024-10-16'),(106,0.00001905,'2024-10-20'),(106,0.00001767,'2024-10-24'),(106,0.00001722,'2024-10-28'),(106,0.00001793,'2024-11-01'),(106,0.00001681,'2024-11-05'),(106,0.00001904,'2024-11-09'),(106,0.00002686,'2024-11-13'),(106,0.00002463,'2024-11-17'),(106,0.00002395,'2024-11-21'),(106,0.00002573,'2024-11-25'),(106,0.00002551,'2024-11-29'),(106,0.00002976,'2024-12-03'),(106,0.00003085,'2024-12-07'),(106,0.00002716,'2024-12-11'),(106,0.00002745,'2024-12-15'),(106,0.00002405,'2024-12-19'),(106,0.00002147,'2024-12-23'),(106,0.00002152,'2024-12-27'),(106,0.00002110,'2024-12-31'),(106,0.00002438,'2025-01-04'),(106,0.00002183,'2025-01-08'),(106,0.00002221,'2025-01-12'),(106,0.00002283,'2025-01-16'),(106,0.00002029,'2025-01-20'),(106,0.00002015,'2025-01-24'),(106,0.00001894,'2025-01-28'),(106,0.00001887,'2025-02-01'),(106,0.00001580,'2025-02-05'),(106,0.00001596,'2025-02-09'),(106,0.00001701,'2025-02-13'),(106,0.00001596,'2025-02-17'),(106,0.00001557,'2025-02-21'),(106,0.00001362,'2025-02-25'),(106,0.00001394,'2025-03-01'),(106,0.00001308,'2025-03-05'),(106,0.00001265,'2025-03-09'),(106,0.00001233,'2025-03-13'),(106,0.00001313,'2025-03-17'),(106,0.00001295,'2025-03-21'),(106,0.00001349,'2025-03-25'),(106,0.00001325,'2025-03-29'),(106,0.00001269,'2025-04-02'),(106,0.00001235,'2025-04-06'),(106,0.00001193,'2025-04-10'),(106,0.00001203,'2025-04-14'),(106,0.00001179,'2025-04-18'),(106,0.00001233,'2025-04-22'),(106,0.00001415,'2025-04-26'),(106,0.00001341,'2025-04-30'),(106,0.00001299,'2025-05-04'),(106,0.00001280,'2025-05-08'),(106,0.00001589,'2025-05-12'),(106,0.00001480,'2025-05-16'),(106,0.00001458,'2025-05-20'),(106,0.00001432,'2025-05-24'),(106,0.00001445,'2025-05-28'),(106,0.00001283,'2025-06-01'),(106,0.00001282,'2025-06-05'),(106,0.00001249,'2025-06-09'),(106,0.00001225,'2025-06-13'),(106,0.00001195,'2025-06-17'),(106,0.00001130,'2025-06-21'),(106,0.00001169,'2025-06-25'),(106,0.00001155,'2025-06-29'),(106,0.00001180,'2025-07-03'),(106,0.00001181,'2025-07-07'),(106,0.00001330,'2025-07-11'),(106,0.00001323,'2025-07-15'),(106,0.00001467,'2025-07-19'),(106,0.00001544,'2025-07-23'),(106,0.00001397,'2025-07-27'),(106,0.00001287,'2025-07-31'),(106,0.00001220,'2025-08-04'),(106,0.00001287,'2025-08-08'),(106,0.00001295,'2025-08-12'),(106,0.00001285,'2025-08-16'),(106,0.00001209,'2025-08-20'),(107,335.33000000,'2024-08-21'),(107,363.70000000,'2024-08-25'),(107,322.25000000,'2024-08-29'),(107,312.49000000,'2024-09-02'),(107,307.39000000,'2024-09-06'),(107,322.25000000,'2024-09-10'),(107,335.86000000,'2024-09-14'),(107,314.23000000,'2024-09-18'),(107,345.64000000,'2024-09-22'),(107,343.53000000,'2024-09-26'),(107,352.85000000,'2024-09-30'),(107,319.99000000,'2024-10-04'),(107,323.83000000,'2024-10-08'),(107,326.71000000,'2024-10-12'),(107,354.71000000,'2024-10-16'),(107,363.69000000,'2024-10-20'),(107,348.17000000,'2024-10-24'),(107,351.93000000,'2024-10-28'),(107,358.14000000,'2024-11-01'),(107,329.12000000,'2024-11-05'),(107,377.65000000,'2024-11-09'),(107,436.65000000,'2024-11-13'),(107,462.38000000,'2024-11-17'),(107,441.39000000,'2024-11-21'),(107,515.51000000,'2024-11-25'),(107,512.14000000,'2024-11-29'),(107,537.81000000,'2024-12-03'),(107,619.30000000,'2024-12-07'),(107,515.46000000,'2024-12-11'),(107,533.94000000,'2024-12-15'),(107,480.75000000,'2024-12-19'),(107,444.83000000,'2024-12-23'),(107,437.26000000,'2024-12-27'),(107,443.15000000,'2024-12-31'),(107,472.67000000,'2025-01-04'),(107,437.93000000,'2025-01-08'),(107,440.79000000,'2025-01-12'),(107,461.38000000,'2025-01-16'),(107,428.84000000,'2025-01-20'),(107,437.30000000,'2025-01-24'),(107,426.67000000,'2025-01-28'),(107,424.12000000,'2025-02-01'),(107,330.74000000,'2025-02-05'),(107,323.43000000,'2025-02-09'),(107,343.09000000,'2025-02-13'),(107,326.31000000,'2025-02-17'),(107,326.06000000,'2025-02-21'),(107,290.09000000,'2025-02-25'),(107,316.14000000,'2025-03-01'),(107,320.18000000,'2025-03-05'),(107,385.46000000,'2025-03-09'),(107,353.97000000,'2025-03-13'),(107,333.31000000,'2025-03-17'),(107,333.40000000,'2025-03-21'),(107,332.07000000,'2025-03-25'),(107,307.58000000,'2025-03-29'),(107,308.68000000,'2025-04-02'),(107,303.98000000,'2025-04-06'),(107,303.32000000,'2025-04-10'),(107,342.45000000,'2025-04-14'),(107,333.21000000,'2025-04-18'),(107,344.63000000,'2025-04-22'),(107,373.60000000,'2025-04-26'),(107,363.53000000,'2025-04-30'),(107,363.24000000,'2025-05-04'),(107,382.93000000,'2025-05-08'),(107,408.07000000,'2025-05-12'),(107,395.15000000,'2025-05-16'),(107,392.96000000,'2025-05-20'),(107,428.01000000,'2025-05-24'),(107,414.35000000,'2025-05-28'),(107,414.51000000,'2025-06-01'),(107,401.22000000,'2025-06-05'),(107,411.60000000,'2025-06-09'),(107,425.55000000,'2025-06-13'),(107,467.24000000,'2025-06-17'),(107,473.62000000,'2025-06-21'),(107,453.68000000,'2025-06-25'),(107,492.25000000,'2025-06-29'),(107,509.76000000,'2025-07-03'),(107,492.14000000,'2025-07-07'),(107,518.15000000,'2025-07-11'),(107,504.88000000,'2025-07-15'),(107,514.31000000,'2025-07-19'),(107,526.01000000,'2025-07-23'),(107,560.22000000,'2025-07-27'),(107,590.90000000,'2025-07-31'),(107,544.37000000,'2025-08-04'),(107,582.32000000,'2025-08-08'),(107,579.25000000,'2025-08-12'),(107,592.46000000,'2025-08-16'),(107,548.09000000,'2025-08-20'),(108,59086.00000000,'2024-08-21'),(108,63963.00000000,'2024-08-25'),(108,59005.00000000,'2024-08-29'),(108,57286.00000000,'2024-09-02'),(108,56055.00000000,'2024-09-06'),(108,57052.00000000,'2024-09-10'),(108,60504.00000000,'2024-09-14'),(108,60119.00000000,'2024-09-18'),(108,63317.00000000,'2024-09-22'),(108,62957.00000000,'2024-09-26'),(108,65607.00000000,'2024-09-30'),(108,60625.00000000,'2024-10-04'),(108,62204.00000000,'2024-10-08'),(108,62264.00000000,'2024-10-12'),(108,66829.00000000,'2024-10-16'),(108,68320.00000000,'2024-10-20'),(108,66494.00000000,'2024-10-24'),(108,67833.00000000,'2024-10-28'),(108,70227.00000000,'2024-11-01'),(108,67634.00000000,'2024-11-05'),(108,76425.00000000,'2024-11-09'),(108,87857.00000000,'2024-11-13'),(108,90400.00000000,'2024-11-17'),(108,93967.00000000,'2024-11-21'),(108,97652.00000000,'2024-11-25'),(108,95448.00000000,'2024-11-29'),(108,95649.00000000,'2024-12-03'),(108,99591.00000000,'2024-12-07'),(108,96460.00000000,'2024-12-11'),(108,100839.00000000,'2024-12-15'),(108,100015.00000000,'2024-12-19'),(108,94912.00000000,'2024-12-23'),(108,95561.00000000,'2024-12-27'),(108,92424.00000000,'2024-12-31'),(108,97784.00000000,'2025-01-04'),(108,96874.00000000,'2025-01-08'),(108,94391.00000000,'2025-01-12'),(108,100026.00000000,'2025-01-16'),(108,101001.00000000,'2025-01-20'),(108,103858.00000000,'2025-01-24'),(108,101985.00000000,'2025-01-28'),(108,102358.00000000,'2025-02-01'),(108,97977.00000000,'2025-02-05'),(108,96364.00000000,'2025-02-09'),(108,97510.00000000,'2025-02-13'),(108,96067.00000000,'2025-02-17'),(108,98085.00000000,'2025-02-21'),(108,91475.00000000,'2025-02-25'),(108,84246.00000000,'2025-03-01'),(108,87060.00000000,'2025-03-05'),(108,86110.00000000,'2025-03-09'),(108,83692.00000000,'2025-03-13'),(108,82410.00000000,'2025-03-17'),(108,84048.00000000,'2025-03-21'),(108,87083.00000000,'2025-03-25'),(108,84257.00000000,'2025-03-29'),(108,85141.00000000,'2025-04-02'),(108,83403.00000000,'2025-04-06'),(108,82558.00000000,'2025-04-10'),(108,83564.00000000,'2025-04-14'),(108,84768.00000000,'2025-04-18'),(108,87325.00000000,'2025-04-22'),(108,94765.00000000,'2025-04-26'),(108,94140.00000000,'2025-04-30'),(108,95817.00000000,'2025-05-04'),(108,96842.00000000,'2025-05-08'),(108,103957.00000000,'2025-05-12'),(108,103539.00000000,'2025-05-16'),(108,105490.00000000,'2025-05-20'),(108,107250.00000000,'2025-05-24'),(108,109063.00000000,'2025-05-28'),(108,104740.00000000,'2025-06-01'),(108,104648.00000000,'2025-06-05'),(108,105489.00000000,'2025-06-09'),(108,105878.00000000,'2025-06-13'),(108,106994.00000000,'2025-06-17'),(108,103266.00000000,'2025-06-21'),(108,105999.00000000,'2025-06-25'),(108,107184.00000000,'2025-06-29'),(108,108744.00000000,'2025-07-03'),(108,109230.00000000,'2025-07-07'),(108,115813.00000000,'2025-07-11'),(108,119603.00000000,'2025-07-15'),(108,117881.00000000,'2025-07-19'),(108,119971.00000000,'2025-07-23'),(108,118154.00000000,'2025-07-27'),(108,117634.00000000,'2025-07-31'),(108,114185.00000000,'2025-08-04'),(108,117416.00000000,'2025-08-08'),(108,118475.00000000,'2025-08-12'),(108,117234.00000000,'2025-08-16'),(108,112665.00000000,'2025-08-20'),(109,4.00000000,'2024-08-21'),(109,5.05000000,'2024-08-25'),(109,4.35000000,'2024-08-29'),(109,3.85000000,'2024-09-02'),(109,3.70000000,'2024-09-06'),(109,4.02000000,'2024-09-10'),(109,4.29000000,'2024-09-14'),(109,4.13000000,'2024-09-18'),(109,4.67000000,'2024-09-22'),(109,5.15000000,'2024-09-26'),(109,5.49000000,'2024-09-30'),(109,4.63000000,'2024-10-04'),(109,5.05000000,'2024-10-08'),(109,4.73000000,'2024-10-12'),(109,5.06000000,'2024-10-16'),(109,4.83000000,'2024-10-20'),(109,4.65000000,'2024-10-24'),(109,4.30000000,'2024-10-28'),(109,4.05000000,'2024-11-01'),(109,3.62000000,'2024-11-05'),(109,4.34000000,'2024-11-09'),(109,5.40000000,'2024-11-13'),(109,5.96000000,'2024-11-17'),(109,5.50000000,'2024-11-21'),(109,6.92000000,'2024-11-25'),(109,7.06000000,'2024-11-29'),(109,7.42000000,'2024-12-03'),(109,8.02000000,'2024-12-07'),(109,6.43000000,'2024-12-11'),(109,6.68000000,'2024-12-15'),(109,5.71000000,'2024-12-19'),(109,5.03000000,'2024-12-23'),(109,5.08000000,'2024-12-27'),(109,5.03000000,'2024-12-31'),(109,5.79000000,'2025-01-04'),(109,5.38000000,'2025-01-08'),(109,5.08000000,'2025-01-12'),(109,5.32000000,'2025-01-16'),(109,4.98000000,'2025-01-20'),(109,4.99000000,'2025-01-24'),(109,4.63000000,'2025-01-28'),(109,4.62000000,'2025-02-01'),(109,3.41000000,'2025-02-05'),(109,3.29000000,'2025-02-09'),(109,3.43000000,'2025-02-13'),(109,3.42000000,'2025-02-17'),(109,3.47000000,'2025-02-21'),(109,3.06000000,'2025-02-25'),(109,3.07000000,'2025-03-01'),(109,2.82000000,'2025-03-05'),(109,2.88000000,'2025-03-09'),(109,2.55000000,'2025-03-13'),(109,2.52000000,'2025-03-17'),(109,2.74000000,'2025-03-21'),(109,2.91000000,'2025-03-25'),(109,2.73000000,'2025-03-29'),(109,2.65000000,'2025-04-02'),(109,2.45000000,'2025-04-06'),(109,2.10000000,'2025-04-10'),(109,2.09000000,'2025-04-14'),(109,2.05000000,'2025-04-18'),(109,2.21000000,'2025-04-22'),(109,2.62000000,'2025-04-26'),(109,2.53000000,'2025-04-30'),(109,2.43000000,'2025-05-04'),(109,2.28000000,'2025-05-08'),(109,3.14000000,'2025-05-12'),(109,2.87000000,'2025-05-16'),(109,2.77000000,'2025-05-20'),(109,2.81000000,'2025-05-24'),(109,2.81000000,'2025-05-28'),(109,2.42000000,'2025-06-01'),(109,2.44000000,'2025-06-05'),(109,2.42000000,'2025-06-09'),(109,2.38000000,'2025-06-13'),(109,2.29000000,'2025-06-17'),(109,2.07000000,'2025-06-21'),(109,2.19000000,'2025-06-25'),(109,2.17000000,'2025-06-29'),(109,2.22000000,'2025-07-03'),(109,2.18000000,'2025-07-07'),(109,2.51000000,'2025-07-11'),(109,2.58000000,'2025-07-15'),(109,2.80000000,'2025-07-19'),(109,3.03000000,'2025-07-23'),(109,2.88000000,'2025-07-27'),(109,2.66000000,'2025-07-31'),(109,2.44000000,'2025-08-04'),(109,2.65000000,'2025-08-08'),(109,2.61000000,'2025-08-12'),(109,2.71000000,'2025-08-16'),(109,2.42000000,'2025-08-20'),(110,0.09776200,'2024-08-21'),(110,0.10268600,'2024-08-25'),(110,0.09279900,'2024-08-29'),(110,0.09009000,'2024-09-02'),(110,0.09024200,'2024-09-06'),(110,0.09311500,'2024-09-10'),(110,0.09648400,'2024-09-14'),(110,0.09457600,'2024-09-18'),(110,0.09802700,'2024-09-22'),(110,0.09594300,'2024-09-26'),(110,0.10163000,'2024-09-30'),(110,0.09017400,'2024-10-04'),(110,0.09123400,'2024-10-08'),(110,0.09163000,'2024-10-12'),(110,0.09288800,'2024-10-16'),(110,0.09713200,'2024-10-20'),(110,0.09444400,'2024-10-24'),(110,0.09411300,'2024-10-28'),(110,0.09239200,'2024-11-01'),(110,0.09111000,'2024-11-05'),(110,0.10119100,'2024-11-09'),(110,0.13574100,'2024-11-13'),(110,0.21966400,'2024-11-17'),(110,0.24819000,'2024-11-21'),(110,0.53816100,'2024-11-25'),(110,0.49459500,'2024-11-29'),(110,0.53793900,'2024-12-03'),(110,0.49502300,'2024-12-07'),(110,0.43414100,'2024-12-11'),(110,0.42489400,'2024-12-15'),(110,0.39653600,'2024-12-19'),(110,0.35580800,'2024-12-23'),(110,0.35399200,'2024-12-27'),(110,0.33127300,'2024-12-31'),(110,0.44945800,'2025-01-04'),(110,0.41896400,'2025-01-08'),(110,0.44552900,'2025-01-12'),(110,0.49214900,'2025-01-16'),(110,0.43362600,'2025-01-20'),(110,0.43248800,'2025-01-24'),(110,0.40678200,'2025-01-28'),(110,0.41434000,'2025-02-01'),(110,0.34182700,'2025-02-05'),(110,0.33260500,'2025-02-09'),(110,0.33284900,'2025-02-13'),(110,0.34241000,'2025-02-17'),(110,0.34485800,'2025-02-21'),(110,0.29792900,'2025-02-25'),(110,0.28643000,'2025-03-01'),(110,0.29520600,'2025-03-05'),(110,0.27586600,'2025-03-09'),(110,0.25975500,'2025-03-13'),(110,0.26359900,'2025-03-17'),(110,0.28117800,'2025-03-21'),(110,0.29035800,'2025-03-25'),(110,0.27429100,'2025-03-29'),(110,0.27232900,'2025-04-02'),(110,0.25253800,'2025-04-06'),(110,0.24202800,'2025-04-10'),(110,0.23816800,'2025-04-14'),(110,0.23953200,'2025-04-18'),(110,0.24949900,'2025-04-22'),(110,0.28398600,'2025-04-26'),(110,0.27796300,'2025-04-30'),(110,0.26965700,'2025-05-04'),(110,0.26034400,'2025-05-08'),(110,0.30605700,'2025-05-12'),(110,0.29211100,'2025-05-16'),(110,0.28652500,'2025-05-20'),(110,0.28592300,'2025-05-24'),(110,0.28706200,'2025-05-28'),(110,0.26449300,'2025-06-01'),(110,0.26683300,'2025-06-05'),(110,0.26760800,'2025-06-09'),(110,0.26818600,'2025-06-13'),(110,0.26260900,'2025-06-17'),(110,0.24187300,'2025-06-21'),(110,0.24858200,'2025-06-25'),(110,0.23884700,'2025-06-29'),(110,0.23826600,'2025-07-03'),(110,0.24974400,'2025-07-07'),(110,0.30296200,'2025-07-11'),(110,0.45808700,'2025-07-15'),(110,0.45899500,'2025-07-19'),(110,0.47200100,'2025-07-23'),(110,0.43583400,'2025-07-27'),(110,0.40739500,'2025-07-31'),(110,0.39913500,'2025-08-04'),(110,0.43813400,'2025-08-08'),(110,0.43122100,'2025-08-12'),(110,0.42969700,'2025-08-16'),(110,0.39040100,'2025-08-20'),(111,7.27000000,'2024-08-21'),(111,8.71000000,'2024-08-25'),(111,7.75000000,'2024-08-29'),(111,7.20000000,'2024-09-02'),(111,7.23000000,'2024-09-06'),(111,7.78000000,'2024-09-10'),(111,8.62000000,'2024-09-14'),(111,7.92000000,'2024-09-18'),(111,8.55000000,'2024-09-22'),(111,9.06000000,'2024-09-26'),(111,9.58000000,'2024-09-30'),(111,8.01000000,'2024-10-04'),(111,8.05000000,'2024-10-08'),(111,8.13000000,'2024-10-12'),(111,8.10000000,'2024-10-16'),(111,8.04000000,'2024-10-20'),(111,8.16000000,'2024-10-24'),(111,7.79000000,'2024-10-28'),(111,7.84000000,'2024-11-01'),(111,7.02000000,'2024-11-05'),(111,8.57000000,'2024-11-09'),(111,8.88000000,'2024-11-13'),(111,9.23000000,'2024-11-17'),(111,8.87000000,'2024-11-21'),(111,11.68000000,'2024-11-25'),(111,11.57000000,'2024-11-29'),(111,13.73000000,'2024-12-03'),(111,15.31000000,'2024-12-07'),(111,11.80000000,'2024-12-11'),(111,12.84000000,'2024-12-15'),(111,11.13000000,'2024-12-19'),(111,9.90000000,'2024-12-23'),(111,10.27000000,'2024-12-27'),(111,10.03000000,'2024-12-31'),(111,12.32000000,'2025-01-04'),(111,11.05000000,'2025-01-08'),(111,10.47000000,'2025-01-12'),(111,11.05000000,'2025-01-16'),(111,9.88000000,'2025-01-20'),(111,9.24000000,'2025-01-24'),(111,8.89000000,'2025-01-28'),(111,9.29000000,'2025-02-01'),(111,7.06000000,'2025-02-05'),(111,7.03000000,'2025-02-09'),(111,7.39000000,'2025-02-13'),(111,6.99000000,'2025-02-17'),(111,7.15000000,'2025-02-21'),(111,6.39000000,'2025-02-25'),(111,6.51000000,'2025-03-01'),(111,6.04000000,'2025-03-05'),(111,5.96000000,'2025-03-09'),(111,5.50000000,'2025-03-13'),(111,5.57000000,'2025-03-17'),(111,5.74000000,'2025-03-21'),(111,6.04000000,'2025-03-25'),(111,5.60000000,'2025-03-29'),(111,5.42000000,'2025-04-02'),(111,5.06000000,'2025-04-06'),(111,4.98000000,'2025-04-10'),(111,5.01000000,'2025-04-14'),(111,4.71000000,'2025-04-18'),(111,4.77000000,'2025-04-22'),(111,5.30000000,'2025-04-26'),(111,4.90000000,'2025-04-30'),(111,4.73000000,'2025-05-04'),(111,4.65000000,'2025-05-08'),(111,5.77000000,'2025-05-12'),(111,5.39000000,'2025-05-16'),(111,5.21000000,'2025-05-20'),(111,5.24000000,'2025-05-24'),(111,5.32000000,'2025-05-28'),(111,4.91000000,'2025-06-01'),(111,5.22000000,'2025-06-05'),(111,5.55000000,'2025-06-09'),(111,5.83000000,'2025-06-13'),(111,5.44000000,'2025-06-17'),(111,4.92000000,'2025-06-21'),(111,4.95000000,'2025-06-25'),(111,4.86000000,'2025-06-29'),(111,5.02000000,'2025-07-03'),(111,4.84000000,'2025-07-07'),(111,5.41000000,'2025-07-11'),(111,5.38000000,'2025-07-15'),(111,5.68000000,'2025-07-19'),(111,6.11000000,'2025-07-23'),(111,5.66000000,'2025-07-27'),(111,5.47000000,'2025-07-31'),(111,5.12000000,'2025-08-04'),(111,5.35000000,'2025-08-08'),(111,5.37000000,'2025-08-12'),(111,5.39000000,'2025-08-16'),(111,5.03000000,'2025-08-20'),(112,0.99933600,'2024-08-21'),(112,1.00100000,'2024-08-25'),(112,0.99739500,'2024-08-29'),(112,0.99967100,'2024-09-02'),(112,0.99978100,'2024-09-06'),(112,0.99773500,'2024-09-10'),(112,1.00200000,'2024-09-14'),(112,1.00200000,'2024-09-18'),(112,1.00300000,'2024-09-22'),(112,1.00200000,'2024-09-26'),(112,1.00000000,'2024-09-30'),(112,0.99788400,'2024-10-04'),(112,0.99738900,'2024-10-08'),(112,0.99743100,'2024-10-12'),(112,0.99992000,'2024-10-16'),(112,1.00000000,'2024-10-20'),(112,0.99869300,'2024-10-24'),(112,0.99798600,'2024-10-28'),(112,0.99634200,'2024-11-01'),(112,0.99778700,'2024-11-05'),(112,1.00100000,'2024-11-09'),(112,1.00200000,'2024-11-13'),(112,1.00100000,'2024-11-17'),(112,0.99862600,'2024-11-21'),(112,0.99935600,'2024-11-25'),(112,0.99732900,'2024-11-29'),(112,1.00100000,'2024-12-03'),(112,1.00100000,'2024-12-07'),(112,0.99795000,'2024-12-11'),(112,1.00000000,'2024-12-15'),(112,0.99677100,'2024-12-19'),(112,0.99891100,'2024-12-23'),(112,1.00200000,'2024-12-27'),(112,0.99935500,'2024-12-31'),(112,0.99761500,'2025-01-04'),(112,0.99808400,'2025-01-08'),(112,0.99919800,'2025-01-12'),(112,1.00100000,'2025-01-16'),(112,0.99827000,'2025-01-20'),(112,0.99811300,'2025-01-24'),(112,0.99934100,'2025-01-28'),(112,0.99811900,'2025-02-01'),(112,1.00400000,'2025-02-05'),(112,0.99911500,'2025-02-09'),(112,1.00000000,'2025-02-13'),(112,0.99748800,'2025-02-17'),(112,0.99783900,'2025-02-21'),(112,0.98823400,'2025-02-25'),(112,0.99815600,'2025-03-01'),(112,0.99808100,'2025-03-05'),(112,0.99783300,'2025-03-09'),(112,0.99851800,'2025-03-13'),(112,0.99964100,'2025-03-17'),(112,0.99916700,'2025-03-21'),(112,0.99763600,'2025-03-25'),(112,0.99889200,'2025-03-29'),(112,0.99706000,'2025-04-02'),(112,0.99629800,'2025-04-06'),(112,0.99862400,'2025-04-10'),(112,0.99736400,'2025-04-14'),(112,0.99910000,'2025-04-18'),(112,0.99700000,'2025-04-22'),(112,0.99989600,'2025-04-26'),(112,0.99803700,'2025-04-30'),(112,0.99883100,'2025-05-04'),(112,0.99792200,'2025-05-08'),(112,0.99940100,'2025-05-12'),(112,0.99598700,'2025-05-16'),(112,0.99871500,'2025-05-20'),(112,0.99453100,'2025-05-24'),(112,0.99866900,'2025-05-28'),(112,0.99905100,'2025-06-01'),(112,0.99940900,'2025-06-05'),(112,0.99765400,'2025-06-09'),(112,0.99686100,'2025-06-13'),(112,0.99609200,'2025-06-17'),(112,0.99968100,'2025-06-21'),(112,0.99874500,'2025-06-25'),(112,0.99825100,'2025-06-29'),(112,0.99609200,'2025-07-03'),(112,0.99887900,'2025-07-07'),(112,1.00000000,'2025-07-11'),(112,0.99884700,'2025-07-15'),(112,0.99852800,'2025-07-19'),(112,0.99777200,'2025-07-23'),(112,1.00200000,'2025-07-27'),(112,0.99813800,'2025-07-31'),(112,0.99826600,'2025-08-04'),(112,0.99867000,'2025-08-08'),(112,0.99813800,'2025-08-12'),(112,0.99899300,'2025-08-16'),(112,0.99407000,'2025-08-20'),(113,159.29000000,'2024-08-21'),(113,169.66000000,'2024-08-25'),(113,157.74000000,'2024-08-29'),(113,169.77000000,'2024-09-02'),(113,172.56000000,'2024-09-06'),(113,170.73000000,'2024-09-10'),(113,170.43000000,'2024-09-14'),(113,172.40000000,'2024-09-18'),(113,177.15000000,'2024-09-22'),(113,165.36000000,'2024-09-26'),(113,152.97000000,'2024-09-30'),(113,143.97000000,'2024-10-04'),(113,144.52000000,'2024-10-08'),(113,151.89000000,'2024-10-12'),(113,153.05000000,'2024-10-16'),(113,160.57000000,'2024-10-20'),(113,156.68000000,'2024-10-24'),(113,162.94000000,'2024-10-28'),(113,155.72000000,'2024-11-01'),(113,157.90000000,'2024-11-05'),(113,165.72000000,'2024-11-09'),(113,151.61000000,'2024-11-13'),(113,150.82000000,'2024-11-17'),(113,160.54000000,'2024-11-21'),(113,162.54000000,'2024-11-25'),(113,159.45000000,'2024-11-29'),(113,173.74000000,'2024-12-03'),(113,198.03000000,'2024-12-07'),(113,178.70000000,'2024-12-11'),(113,209.01000000,'2024-12-15'),(113,212.73000000,'2024-12-19'),(113,190.11000000,'2024-12-23'),(113,188.63000000,'2024-12-27'),(113,190.57000000,'2024-12-31'),(113,200.91000000,'2025-01-04'),(113,194.16000000,'2025-01-08'),(113,198.15000000,'2025-01-12'),(113,208.34000000,'2025-01-16'),(113,204.29000000,'2025-01-20'),(113,221.61000000,'2025-01-24'),(113,214.12000000,'2025-01-28'),(113,239.03000000,'2025-02-01'),(113,220.65000000,'2025-02-05'),(113,214.17000000,'2025-02-09'),(113,227.22000000,'2025-02-13'),(113,229.56000000,'2025-02-17'),(113,229.56000000,'2025-02-21'),(113,226.83000000,'2025-02-25'),(113,217.07000000,'2025-03-01'),(113,223.95000000,'2025-03-05'),(113,220.58000000,'2025-03-09'),(113,208.71000000,'2025-03-13'),(113,208.89000000,'2025-03-17'),(113,210.20000000,'2025-03-21'),(113,219.09000000,'2025-03-25'),(113,217.80000000,'2025-03-29'),(113,216.71000000,'2025-04-02'),(113,213.69000000,'2025-04-06'),(113,203.39000000,'2025-04-10'),(113,203.20000000,'2025-04-14'),(113,216.92000000,'2025-04-18'),(113,215.29000000,'2025-04-22'),(113,227.57000000,'2025-04-26'),(113,270.92000000,'2025-04-30'),(113,277.66000000,'2025-05-04'),(113,283.08000000,'2025-05-08'),(113,332.54000000,'2025-05-12'),(113,335.51000000,'2025-05-16'),(113,342.86000000,'2025-05-20'),(113,392.71000000,'2025-05-24'),(113,372.04000000,'2025-05-28'),(113,323.64000000,'2025-06-01'),(113,316.19000000,'2025-06-05'),(113,328.76000000,'2025-06-09'),(113,318.63000000,'2025-06-13'),(113,322.91000000,'2025-06-17'),(113,310.78000000,'2025-06-21'),(113,314.17000000,'2025-06-25'),(113,310.63000000,'2025-06-29'),(113,322.11000000,'2025-07-03'),(113,319.34000000,'2025-07-07'),(113,326.20000000,'2025-07-11'),(113,344.41000000,'2025-07-15'),(113,321.23000000,'2025-07-19'),(113,325.10000000,'2025-07-23'),(113,321.17000000,'2025-07-27'),(113,308.60000000,'2025-07-31'),(113,303.29000000,'2025-08-04'),(113,267.55000000,'2025-08-08'),(113,268.07000000,'2025-08-12'),(113,236.00000000,'2025-08-16'),(113,260.98000000,'2025-08-20'),(114,6.06000000,'2024-08-21'),(114,7.16000000,'2024-08-25'),(114,6.73000000,'2024-08-29'),(114,6.17000000,'2024-09-02'),(114,5.77000000,'2024-09-06'),(114,6.29000000,'2024-09-10'),(114,6.32000000,'2024-09-14'),(114,5.94000000,'2024-09-18'),(114,8.26000000,'2024-09-22'),(114,8.00000000,'2024-09-26'),(114,8.08000000,'2024-09-30'),(114,8.52000000,'2024-10-04'),(114,8.67000000,'2024-10-08'),(114,8.51000000,'2024-10-12'),(114,10.45000000,'2024-10-16'),(114,9.73000000,'2024-10-20'),(114,9.94000000,'2024-10-24'),(114,9.17000000,'2024-10-28'),(114,9.11000000,'2024-11-01'),(114,8.04000000,'2024-11-05'),(114,9.73000000,'2024-11-09'),(114,12.51000000,'2024-11-13'),(114,12.29000000,'2024-11-17'),(114,11.86000000,'2024-11-21'),(114,12.45000000,'2024-11-25'),(114,12.81000000,'2024-11-29'),(114,13.70000000,'2024-12-03'),(114,14.70000000,'2024-12-07'),(114,11.63000000,'2024-12-11'),(114,13.41000000,'2024-12-15'),(114,11.89000000,'2024-12-19'),(114,9.22000000,'2024-12-23'),(114,8.81000000,'2024-12-27'),(114,8.85000000,'2024-12-31'),(114,9.79000000,'2025-01-04'),(114,9.71000000,'2025-01-08'),(114,9.13000000,'2025-01-12'),(114,9.49000000,'2025-01-16'),(114,8.53000000,'2025-01-20'),(114,8.35000000,'2025-01-24'),(114,7.61000000,'2025-01-28'),(114,7.81000000,'2025-02-01'),(114,6.08000000,'2025-02-05'),(114,5.86000000,'2025-02-09'),(114,6.16000000,'2025-02-13'),(114,5.81000000,'2025-02-17'),(114,6.31000000,'2025-02-21'),(114,5.39000000,'2025-02-25'),(114,6.46000000,'2025-03-01'),(114,5.46000000,'2025-03-05'),(114,5.94000000,'2025-03-09'),(114,5.21000000,'2025-03-13'),(114,5.15000000,'2025-03-17'),(114,5.62000000,'2025-03-21'),(114,6.04000000,'2025-03-25'),(114,5.56000000,'2025-03-29'),(114,5.40000000,'2025-04-02'),(114,4.88000000,'2025-04-06'),(114,4.73000000,'2025-04-10'),(114,4.81000000,'2025-04-14'),(114,4.59000000,'2025-04-18'),(114,4.92000000,'2025-04-22'),(114,5.54000000,'2025-04-26'),(114,5.43000000,'2025-04-30'),(114,5.19000000,'2025-05-04'),(114,4.79000000,'2025-05-08'),(114,5.87000000,'2025-05-12'),(114,5.30000000,'2025-05-16'),(114,5.20000000,'2025-05-20'),(114,5.35000000,'2025-05-24'),(114,5.38000000,'2025-05-28'),(114,4.73000000,'2025-06-01'),(114,4.80000000,'2025-06-05'),(114,4.71000000,'2025-06-09'),(114,4.72000000,'2025-06-13'),(114,4.72000000,'2025-06-17'),(114,4.27000000,'2025-06-21'),(114,4.91000000,'2025-06-25'),(114,4.86000000,'2025-06-29'),(114,4.76000000,'2025-07-03'),(114,4.47000000,'2025-07-07'),(114,4.89000000,'2025-07-11'),(114,4.97000000,'2025-07-15'),(114,5.32000000,'2025-07-19'),(114,5.47000000,'2025-07-23'),(114,4.80000000,'2025-07-27'),(114,4.49000000,'2025-07-31'),(114,4.22000000,'2025-08-04'),(114,4.42000000,'2025-08-08'),(114,4.54000000,'2025-08-12'),(114,4.66000000,'2025-08-16'),(114,4.29000000,'2025-08-20'),(115,3.65000000,'2024-08-21'),(115,4.25000000,'2024-08-25'),(115,3.64000000,'2024-08-29'),(115,3.37000000,'2024-09-02'),(115,3.36000000,'2024-09-06'),(115,3.61000000,'2024-09-10'),(115,3.73000000,'2024-09-14'),(115,3.46000000,'2024-09-18'),(115,3.87000000,'2024-09-22'),(115,3.93000000,'2024-09-26'),(115,4.08000000,'2024-09-30'),(115,3.56000000,'2024-10-04'),(115,3.71000000,'2024-10-08'),(115,3.58000000,'2024-10-12'),(115,3.80000000,'2024-10-16'),(115,3.77000000,'2024-10-20'),(115,3.69000000,'2024-10-24'),(115,3.57000000,'2024-10-28'),(115,3.53000000,'2024-11-01'),(115,3.27000000,'2024-11-05'),(115,3.91000000,'2024-11-09'),(115,4.26000000,'2024-11-13'),(115,4.74000000,'2024-11-17'),(115,4.25000000,'2024-11-21'),(115,5.72000000,'2024-11-25'),(115,5.82000000,'2024-11-29'),(115,7.29000000,'2024-12-03'),(115,8.11000000,'2024-12-07'),(115,6.20000000,'2024-12-11'),(115,6.43000000,'2024-12-15'),(115,5.65000000,'2024-12-19'),(115,4.83000000,'2024-12-23'),(115,4.97000000,'2024-12-27'),(115,4.92000000,'2024-12-31'),(115,5.65000000,'2025-01-04'),(115,5.35000000,'2025-01-08'),(115,5.21000000,'2025-01-12'),(115,5.67000000,'2025-01-16'),(115,4.99000000,'2025-01-20'),(115,5.06000000,'2025-01-24'),(115,4.65000000,'2025-01-28'),(115,4.80000000,'2025-02-01'),(115,3.34000000,'2025-02-05'),(115,3.31000000,'2025-02-09'),(115,3.48000000,'2025-02-13'),(115,3.39000000,'2025-02-17'),(115,3.50000000,'2025-02-21'),(115,3.01000000,'2025-02-25'),(115,3.25000000,'2025-03-01'),(115,3.02000000,'2025-03-05'),(115,3.11000000,'2025-03-09'),(115,2.79000000,'2025-03-13'),(115,2.84000000,'2025-03-17'),(115,3.05000000,'2025-03-21'),(115,3.12000000,'2025-03-25'),(115,2.83000000,'2025-03-29'),(115,2.84000000,'2025-04-02'),(115,2.70000000,'2025-04-06'),(115,2.47000000,'2025-04-10'),(115,2.49000000,'2025-04-14'),(115,2.38000000,'2025-04-18'),(115,2.61000000,'2025-04-22'),(115,2.86000000,'2025-04-26'),(115,2.74000000,'2025-04-30'),(115,2.65000000,'2025-05-04'),(115,2.59000000,'2025-05-08'),(115,3.14000000,'2025-05-12'),(115,2.93000000,'2025-05-16'),(115,2.86000000,'2025-05-20'),(115,2.85000000,'2025-05-24'),(115,2.88000000,'2025-05-28'),(115,2.60000000,'2025-06-01'),(115,2.57000000,'2025-06-05'),(115,2.49000000,'2025-06-09'),(115,2.51000000,'2025-06-13'),(115,2.48000000,'2025-06-17'),(115,2.26000000,'2025-06-21'),(115,2.30000000,'2025-06-25'),(115,2.27000000,'2025-06-29'),(115,2.37000000,'2025-07-03'),(115,2.29000000,'2025-07-07'),(115,2.59000000,'2025-07-11'),(115,2.57000000,'2025-07-15'),(115,2.75000000,'2025-07-19'),(115,2.93000000,'2025-07-23'),(115,2.66000000,'2025-07-27'),(115,2.49000000,'2025-07-31'),(115,2.34000000,'2025-08-04'),(115,2.49000000,'2025-08-08'),(115,2.47000000,'2025-08-12'),(115,2.46000000,'2025-08-16'),(115,2.36000000,'2025-08-20'),(116,18.90000000,'2024-08-21'),(116,20.65000000,'2024-08-25'),(116,18.58000000,'2024-08-29'),(116,17.64000000,'2024-09-02'),(116,17.60000000,'2024-09-06'),(116,18.35000000,'2024-09-10'),(116,18.85000000,'2024-09-14'),(116,17.99000000,'2024-09-18'),(116,19.39000000,'2024-09-22'),(116,19.30000000,'2024-09-26'),(116,20.46000000,'2024-09-30'),(116,18.50000000,'2024-10-04'),(116,18.57000000,'2024-10-08'),(116,18.56000000,'2024-10-12'),(116,19.32000000,'2024-10-16'),(116,19.89000000,'2024-10-20'),(116,18.63000000,'2024-10-24'),(116,18.39000000,'2024-10-28'),(116,18.58000000,'2024-11-01'),(116,17.59000000,'2024-11-05'),(116,20.43000000,'2024-11-09'),(116,22.92000000,'2024-11-13'),(116,26.73000000,'2024-11-17'),(116,25.41000000,'2024-11-21'),(116,28.82000000,'2024-11-25'),(116,31.96000000,'2024-11-29'),(116,33.79000000,'2024-12-03'),(116,38.52000000,'2024-12-07'),(116,30.19000000,'2024-12-11'),(116,32.55000000,'2024-12-15'),(116,29.48000000,'2024-12-19'),(116,25.96000000,'2024-12-23'),(116,25.82000000,'2024-12-27'),(116,25.39000000,'2024-12-31'),(116,28.42000000,'2025-01-04'),(116,25.98000000,'2025-01-08'),(116,25.55000000,'2025-01-12'),(116,27.17000000,'2025-01-16'),(116,25.46000000,'2025-01-20'),(116,28.97000000,'2025-01-24'),(116,25.95000000,'2025-01-28'),(116,26.80000000,'2025-02-01'),(116,20.70000000,'2025-02-05'),(116,20.16000000,'2025-02-09'),(116,21.38000000,'2025-02-13'),(116,20.44000000,'2025-02-17'),(116,20.97000000,'2025-02-21'),(116,18.58000000,'2025-02-25'),(116,19.57000000,'2025-03-01'),(116,18.96000000,'2025-03-05'),(116,20.19000000,'2025-03-09'),(116,18.02000000,'2025-03-13'),(116,17.48000000,'2025-03-17'),(116,17.86000000,'2025-03-21'),(116,18.29000000,'2025-03-25'),(116,17.15000000,'2025-03-29'),(116,16.91000000,'2025-04-02'),(116,15.91000000,'2025-04-06'),(116,15.31000000,'2025-04-10'),(116,15.22000000,'2025-04-14'),(116,15.07000000,'2025-04-18'),(116,15.59000000,'2025-04-22'),(116,17.26000000,'2025-04-26'),(116,16.74000000,'2025-04-30'),(116,16.65000000,'2025-05-04'),(116,16.19000000,'2025-05-08'),(116,19.92000000,'2025-05-12'),(116,18.90000000,'2025-05-16'),(116,18.51000000,'2025-05-20'),(116,18.50000000,'2025-05-24'),(116,18.63000000,'2025-05-28'),(116,16.96000000,'2025-06-01'),(116,17.29000000,'2025-06-05'),(116,16.94000000,'2025-06-09'),(116,17.17000000,'2025-06-13'),(116,17.05000000,'2025-06-17'),(116,16.10000000,'2025-06-21'),(116,16.42000000,'2025-06-25'),(116,16.28000000,'2025-06-29'),(116,16.98000000,'2025-07-03'),(116,16.63000000,'2025-07-07'),(116,18.46000000,'2025-07-11'),(116,18.53000000,'2025-07-15'),(116,23.04000000,'2025-07-19'),(116,24.23000000,'2025-07-23'),(116,22.82000000,'2025-07-27'),(116,21.40000000,'2025-07-31'),(116,19.87000000,'2025-08-04'),(116,21.52000000,'2025-08-08'),(116,22.27000000,'2025-08-12'),(116,22.19000000,'2025-08-16'),(116,20.51000000,'2025-08-20'),(117,4.79000000,'2024-08-21'),(117,5.33000000,'2024-08-25'),(117,4.59000000,'2024-08-29'),(117,4.31000000,'2024-09-02'),(117,3.91000000,'2024-09-06'),(117,4.09000000,'2024-09-10'),(117,4.21000000,'2024-09-14'),(117,4.19000000,'2024-09-18'),(117,4.72000000,'2024-09-22'),(117,4.78000000,'2024-09-26'),(117,5.03000000,'2024-09-30'),(117,4.38000000,'2024-10-04'),(117,4.42000000,'2024-10-08'),(117,4.27000000,'2024-10-12'),(117,4.48000000,'2024-10-16'),(117,4.46000000,'2024-10-20'),(117,4.63000000,'2024-10-24'),(117,4.45000000,'2024-10-28'),(117,4.23000000,'2024-11-01'),(117,3.91000000,'2024-11-05'),(117,4.71000000,'2024-11-09'),(117,5.35000000,'2024-11-13'),(117,6.10000000,'2024-11-17'),(117,6.24000000,'2024-11-21'),(117,8.75000000,'2024-11-25'),(117,8.25000000,'2024-11-29'),(117,9.48000000,'2024-12-03'),(117,10.42000000,'2024-12-07'),(117,7.93000000,'2024-12-11'),(117,8.96000000,'2024-12-15'),(117,7.66000000,'2024-12-19'),(117,6.40000000,'2024-12-23'),(117,6.48000000,'2024-12-27'),(117,6.34000000,'2024-12-31'),(117,7.39000000,'2025-01-04'),(117,6.80000000,'2025-01-08'),(117,6.62000000,'2025-01-12'),(117,6.69000000,'2025-01-16'),(117,5.90000000,'2025-01-20'),(117,6.12000000,'2025-01-24'),(117,5.99000000,'2025-01-28'),(117,6.24000000,'2025-02-01'),(117,4.69000000,'2025-02-05'),(117,4.57000000,'2025-02-09'),(117,5.08000000,'2025-02-13'),(117,4.75000000,'2025-02-17'),(117,4.92000000,'2025-02-21'),(117,4.35000000,'2025-02-25'),(117,4.64000000,'2025-03-01'),(117,4.16000000,'2025-03-05'),(117,4.11000000,'2025-03-09'),(117,3.90000000,'2025-03-13'),(117,4.63000000,'2025-03-17'),(117,4.68000000,'2025-03-21'),(117,4.95000000,'2025-03-25'),(117,4.55000000,'2025-03-29'),(117,4.38000000,'2025-04-02'),(117,4.81000000,'2025-04-06'),(117,4.54000000,'2025-04-10'),(117,4.14000000,'2025-04-14'),(117,4.11000000,'2025-04-18'),(117,4.06000000,'2025-04-22'),(117,4.55000000,'2025-04-26'),(117,4.38000000,'2025-04-30'),(117,4.23000000,'2025-05-04'),(117,4.17000000,'2025-05-08'),(117,5.32000000,'2025-05-12'),(117,4.85000000,'2025-05-16'),(117,4.78000000,'2025-05-20'),(117,4.80000000,'2025-05-24'),(117,4.75000000,'2025-05-28'),(117,4.36000000,'2025-06-01'),(117,4.28000000,'2025-06-05'),(117,4.27000000,'2025-06-09'),(117,4.24000000,'2025-06-13'),(117,4.16000000,'2025-06-17'),(117,3.93000000,'2025-06-21'),(117,4.07000000,'2025-06-25'),(117,4.00000000,'2025-06-29'),(117,4.17000000,'2025-07-03'),(117,4.08000000,'2025-07-07'),(117,4.61000000,'2025-07-11'),(117,4.55000000,'2025-07-15'),(117,4.85000000,'2025-07-19'),(117,5.11000000,'2025-07-23'),(117,4.77000000,'2025-07-27'),(117,4.42000000,'2025-07-31'),(117,4.27000000,'2025-08-04'),(117,4.47000000,'2025-08-08'),(117,4.49000000,'2025-08-12'),(117,4.46000000,'2025-08-16'),(117,4.29000000,'2025-08-20'),(118,0.53554700,'2024-08-21'),(118,0.62124300,'2024-08-25'),(118,0.52158500,'2024-08-29'),(118,0.49039900,'2024-09-02'),(118,0.49682900,'2024-09-06'),(118,0.52404300,'2024-09-10'),(118,0.53830100,'2024-09-14'),(118,0.52182900,'2024-09-18'),(118,0.61635500,'2024-09-22'),(118,0.59836000,'2024-09-26'),(118,0.64624100,'2024-09-30'),(118,0.53287900,'2024-10-04'),(118,0.55039200,'2024-10-08'),(118,0.53347900,'2024-10-12'),(118,0.56651000,'2024-10-16'),(118,0.56708100,'2024-10-20'),(118,0.55989200,'2024-10-24'),(118,0.51941800,'2024-10-28'),(118,0.52662000,'2024-11-01'),(118,0.47321300,'2024-11-05'),(118,0.59215200,'2024-11-09'),(118,0.63603300,'2024-11-13'),(118,0.72442700,'2024-11-17'),(118,0.67303600,'2024-11-21'),(118,0.86394000,'2024-11-25'),(118,0.91490400,'2024-11-29'),(118,1.02600000,'2024-12-03'),(118,1.18000000,'2024-12-07'),(118,0.93866300,'2024-12-11'),(118,0.98423100,'2024-12-15'),(118,0.86053600,'2024-12-19'),(118,0.74506000,'2024-12-23'),(118,0.75158100,'2024-12-27'),(118,0.73116000,'2024-12-31'),(118,0.83265800,'2025-01-04'),(118,0.82184600,'2025-01-08'),(118,0.74396200,'2025-01-12'),(118,0.79333100,'2025-01-16'),(118,0.69999800,'2025-01-20'),(118,0.71916700,'2025-01-24'),(118,0.64189900,'2025-01-28'),(118,0.64062200,'2025-02-01'),(118,0.47877000,'2025-02-05'),(118,0.45103500,'2025-02-09'),(118,0.49311100,'2025-02-13'),(118,0.47394300,'2025-02-17'),(118,0.49183200,'2025-02-21'),(118,0.41026300,'2025-02-25'),(118,0.42240400,'2025-03-01'),(118,0.37991500,'2025-03-05'),(118,0.39695800,'2025-03-09'),(118,0.34912600,'2025-03-13'),(118,0.34870400,'2025-03-17'),(118,0.37540700,'2025-03-21'),(118,0.38921200,'2025-03-25'),(118,0.34779300,'2025-03-29'),(118,0.33397200,'2025-04-02'),(118,0.30934400,'2025-04-06'),(118,0.29275700,'2025-04-10'),(118,0.29987700,'2025-04-14'),(118,0.28250300,'2025-04-18'),(118,0.29879100,'2025-04-22'),(118,0.34687100,'2025-04-26'),(118,0.32719500,'2025-04-30'),(118,0.32029100,'2025-05-04'),(118,0.31091200,'2025-05-08'),(118,0.45123800,'2025-05-12'),(118,0.39634000,'2025-05-16'),(118,0.39185200,'2025-05-20'),(118,0.39172500,'2025-05-24'),(118,0.40181500,'2025-05-28'),(118,0.33997200,'2025-06-01'),(118,0.35989500,'2025-06-05'),(118,0.34207100,'2025-06-09'),(118,0.36789800,'2025-06-13'),(118,0.32132700,'2025-06-17'),(118,0.28647100,'2025-06-21'),(118,0.31396600,'2025-06-25'),(118,0.31194300,'2025-06-29'),(118,0.34811000,'2025-07-03'),(118,0.33375900,'2025-07-07'),(118,0.39743600,'2025-07-11'),(118,0.40244900,'2025-07-15'),(118,0.45132500,'2025-07-19'),(118,0.48116300,'2025-07-23'),(118,0.44935900,'2025-07-27'),(118,0.41569200,'2025-07-31'),(118,0.38312100,'2025-08-04'),(118,0.41657200,'2025-08-08'),(118,0.43696300,'2025-08-12'),(118,0.48172800,'2025-08-16'),(118,0.47541600,'2025-08-20'),(119,0.00363939,'2024-08-21'),(119,0.00348194,'2024-08-25'),(119,0.00322315,'2024-08-29'),(119,0.00303720,'2024-09-02'),(119,0.00296872,'2024-09-06'),(119,0.00306502,'2024-09-10'),(119,0.00323371,'2024-09-14'),(119,0.00316969,'2024-09-18'),(119,0.00341394,'2024-09-22'),(119,0.00342227,'2024-09-26'),(119,0.00345693,'2024-09-30'),(119,0.00316630,'2024-10-04'),(119,0.00336005,'2024-10-08'),(119,0.00332498,'2024-10-12'),(119,0.00345261,'2024-10-16'),(119,0.00346790,'2024-10-20'),(119,0.00338805,'2024-10-24'),(119,0.00338897,'2024-10-28'),(119,0.00335615,'2024-11-01'),(119,0.00321785,'2024-11-05'),(119,0.00346136,'2024-11-09'),(119,0.00361122,'2024-11-13'),(119,0.00337153,'2024-11-17'),(119,0.00330095,'2024-11-21'),(119,0.00357716,'2024-11-25'),(119,0.00318572,'2024-11-29'),(119,0.00308855,'2024-12-03'),(119,0.00347504,'2024-12-07'),(119,0.00321843,'2024-12-11'),(119,0.00320468,'2024-12-15'),(119,0.00307042,'2024-12-19'),(119,0.00289567,'2024-12-23'),(119,0.00304551,'2024-12-27'),(119,0.00310417,'2024-12-31'),(119,0.00315331,'2025-01-04'),(119,0.00309350,'2025-01-08'),(119,0.00307155,'2025-01-12'),(119,0.00315745,'2025-01-16'),(119,0.00298916,'2025-01-20'),(119,0.00305164,'2025-01-24'),(119,0.00300589,'2025-01-28'),(119,0.00270377,'2025-02-01'),(119,0.00232210,'2025-02-05'),(119,0.00251163,'2025-02-09'),(119,0.00282024,'2025-02-13'),(119,0.00272426,'2025-02-17'),(119,0.00265214,'2025-02-21'),(119,0.00249527,'2025-02-25'),(119,0.00236625,'2025-03-01'),(119,0.00235673,'2025-03-05'),(119,0.00242495,'2025-03-09'),(119,0.00230005,'2025-03-13'),(119,0.00242601,'2025-03-17'),(119,0.00254066,'2025-03-21'),(119,0.00250970,'2025-03-25'),(119,0.00246876,'2025-03-29'),(119,0.00242669,'2025-04-02'),(119,0.00234849,'2025-04-06'),(119,0.00231043,'2025-04-10'),(119,0.00232711,'2025-04-14'),(119,0.00235480,'2025-04-18'),(119,0.00237714,'2025-04-22'),(119,0.00244930,'2025-04-26'),(119,0.00238948,'2025-04-30'),(119,0.00238006,'2025-05-04'),(119,0.00237813,'2025-05-08'),(119,0.00257123,'2025-05-12'),(119,0.00258430,'2025-05-16'),(119,0.00256571,'2025-05-20'),(119,0.00260913,'2025-05-24'),(119,0.00273080,'2025-05-28'),(119,0.00260020,'2025-06-01'),(119,0.00254202,'2025-06-05'),(119,0.00247780,'2025-06-09'),(119,0.00249945,'2025-06-13'),(119,0.00247364,'2025-06-17'),(119,0.00245044,'2025-06-21'),(119,0.00242430,'2025-06-25'),(119,0.00243276,'2025-06-29'),(119,0.00247565,'2025-07-03'),(119,0.00247695,'2025-07-07'),(119,0.00257145,'2025-07-11'),(119,0.00259413,'2025-07-15'),(119,0.00273739,'2025-07-19'),(119,0.00289300,'2025-07-23'),(119,0.00292545,'2025-07-27'),(119,0.00291833,'2025-07-31'),(119,0.00276847,'2025-08-04'),(119,0.00289827,'2025-08-08'),(119,0.00298875,'2025-08-12'),(119,0.00306052,'2025-08-16'),(119,0.00305947,'2025-08-20'),(120,0.02327049,'2024-08-21'),(120,0.02600009,'2024-08-25'),(120,0.02270749,'2024-08-29'),(120,0.02090829,'2024-09-02'),(120,0.02060726,'2024-09-06'),(120,0.02158446,'2024-09-10'),(120,0.02276613,'2024-09-14'),(120,0.02119090,'2024-09-18'),(120,0.02427388,'2024-09-22'),(120,0.02460307,'2024-09-26'),(120,0.02575974,'2024-09-30'),(120,0.02210030,'2024-10-04'),(120,0.02293966,'2024-10-08'),(120,0.02258546,'2024-10-12'),(120,0.02343809,'2024-10-16'),(120,0.02324317,'2024-10-20'),(120,0.02249316,'2024-10-24'),(120,0.02202383,'2024-10-28'),(120,0.02113327,'2024-11-01'),(120,0.01938594,'2024-11-05'),(120,0.02231133,'2024-11-09'),(120,0.02728653,'2024-11-13'),(120,0.03144515,'2024-11-17'),(120,0.03163985,'2024-11-21'),(120,0.04470686,'2024-11-25'),(120,0.04184666,'2024-11-29'),(120,0.05669100,'2024-12-03'),(120,0.06735800,'2024-12-07'),(120,0.05576800,'2024-12-11'),(120,0.05695400,'2024-12-15'),(120,0.05042500,'2024-12-19'),(120,0.04579372,'2024-12-23'),(120,0.04666002,'2024-12-27'),(120,0.04382996,'2024-12-31'),(120,0.05274100,'2025-01-04'),(120,0.04688589,'2025-01-08'),(120,0.04522421,'2025-01-12'),(120,0.04902198,'2025-01-16'),(120,0.04551692,'2025-01-20'),(120,0.04900013,'2025-01-24'),(120,0.04460925,'2025-01-28'),(120,0.04662599,'2025-02-01'),(120,0.03604933,'2025-02-05'),(120,0.03303971,'2025-02-09'),(120,0.03547775,'2025-02-13'),(120,0.03308149,'2025-02-17'),(120,0.03280398,'2025-02-21'),(120,0.02802788,'2025-02-25'),(120,0.02811276,'2025-03-01'),(120,0.02723753,'2025-03-05'),(120,0.02712915,'2025-03-09'),(120,0.02434593,'2025-03-13'),(120,0.02430343,'2025-03-17'),(120,0.02605454,'2025-03-21'),(120,0.02626004,'2025-03-25'),(120,0.02417436,'2025-03-29'),(120,0.02344304,'2025-04-02'),(120,0.02179303,'2025-04-06'),(120,0.02214924,'2025-04-10'),(120,0.02268408,'2025-04-14'),(120,0.02276765,'2025-04-18'),(120,0.02351800,'2025-04-22'),(120,0.02703779,'2025-04-26'),(120,0.02681692,'2025-04-30'),(120,0.02617022,'2025-05-04'),(120,0.02488667,'2025-05-08'),(120,0.03119498,'2025-05-12'),(120,0.02867995,'2025-05-16'),(120,0.02800375,'2025-05-20'),(120,0.02802313,'2025-05-24'),(120,0.02756520,'2025-05-28'),(120,0.02416054,'2025-06-01'),(120,0.02377517,'2025-06-05'),(120,0.02408259,'2025-06-09'),(120,0.02348148,'2025-06-13'),(120,0.02233756,'2025-06-17'),(120,0.02084060,'2025-06-21'),(120,0.02154867,'2025-06-25'),(120,0.02122048,'2025-06-29'),(120,0.02179160,'2025-07-03'),(120,0.02085483,'2025-07-07'),(120,0.02405415,'2025-07-11'),(120,0.02429616,'2025-07-15'),(120,0.02705372,'2025-07-19'),(120,0.02809170,'2025-07-23'),(120,0.02579245,'2025-07-27'),(120,0.02448889,'2025-07-31'),(120,0.02307786,'2025-08-04'),(120,0.02440233,'2025-08-08'),(120,0.02471155,'2025-08-12'),(120,0.02428070,'2025-08-16'),(120,0.02300961,'2025-08-20'),(121,0.59194300,'2024-08-21'),(121,0.64402200,'2024-08-25'),(121,0.60389300,'2024-08-29'),(121,0.58109900,'2024-09-02'),(121,0.56135600,'2024-09-06'),(121,0.56246100,'2024-09-10'),(121,0.57493300,'2024-09-14'),(121,0.56132600,'2024-09-18'),(121,0.61865700,'2024-09-22'),(121,0.62624200,'2024-09-26'),(121,0.64337400,'2024-09-30'),(121,0.56818600,'2024-10-04'),(121,0.59196700,'2024-10-08'),(121,0.59607500,'2024-10-12'),(121,0.62351600,'2024-10-16'),(121,0.61608700,'2024-10-20'),(121,0.59311700,'2024-10-24'),(121,0.58512200,'2024-10-28'),(121,0.59776000,'2024-11-01'),(121,0.55087200,'2024-11-05'),(121,0.67148900,'2024-11-09'),(121,0.73685900,'2024-11-13'),(121,0.75005500,'2024-11-17'),(121,0.72131400,'2024-11-21'),(121,0.85476700,'2024-11-25'),(121,0.86874900,'2024-11-29'),(121,0.90979000,'2024-12-03'),(121,1.15000000,'2024-12-07'),(121,1.19000000,'2024-12-11'),(121,1.23000000,'2024-12-15'),(121,1.09400000,'2024-12-19'),(121,1.16000000,'2024-12-23'),(121,1.17000000,'2024-12-27'),(121,1.21000000,'2024-12-31'),(121,1.38000000,'2025-01-04'),(121,1.27000000,'2025-01-08'),(121,1.17000000,'2025-01-12'),(121,1.15000000,'2025-01-16'),(121,0.95318900,'2025-01-20'),(121,1.23000000,'2025-01-24'),(121,1.12000000,'2025-01-28'),(121,1.23000000,'2025-02-01'),(121,1.15000000,'2025-02-05'),(121,1.04900000,'2025-02-09'),(121,1.05000000,'2025-02-13'),(121,1.02200000,'2025-02-17'),(121,1.03100000,'2025-02-21'),(121,0.80956800,'2025-02-25'),(121,0.71511900,'2025-03-01'),(121,0.72560000,'2025-03-05'),(121,0.70893900,'2025-03-09'),(121,0.75178600,'2025-03-13'),(121,0.81457700,'2025-03-17'),(121,0.79099800,'2025-03-21'),(121,0.84375400,'2025-03-25'),(121,0.83230700,'2025-03-29'),(121,0.80158600,'2025-04-02'),(121,0.74158800,'2025-04-06'),(121,0.71221800,'2025-04-10'),(121,0.69494700,'2025-04-14'),(121,0.68022900,'2025-04-18'),(121,0.66708900,'2025-04-22'),(121,0.74207000,'2025-04-26'),(121,0.73057100,'2025-04-30'),(121,0.72926800,'2025-05-04'),(121,0.71185400,'2025-05-08'),(121,0.80483900,'2025-05-12'),(121,0.75668600,'2025-05-16'),(121,0.72639400,'2025-05-20'),(121,0.73503700,'2025-05-24'),(121,0.73092800,'2025-05-28'),(121,0.67897900,'2025-06-01'),(121,0.66367400,'2025-06-05'),(121,0.64559200,'2025-06-09'),(121,0.65539600,'2025-06-13'),(121,0.61945700,'2025-06-17'),(121,0.63019800,'2025-06-21'),(121,0.61268300,'2025-06-25'),(121,0.60721000,'2025-06-29'),(121,0.58300000,'2025-07-03'),(121,0.57056800,'2025-07-07'),(121,0.62288600,'2025-07-11'),(121,0.72485700,'2025-07-15'),(121,0.79095100,'2025-07-19'),(121,0.82781100,'2025-07-23'),(121,0.79606500,'2025-07-27'),(121,0.74930100,'2025-07-31'),(121,0.70875500,'2025-08-04'),(121,1.04800000,'2025-08-08'),(121,0.97603500,'2025-08-12'),(121,1.20000000,'2025-08-16'),(121,1.36000000,'2025-08-20'),(122,1.35000000,'2024-08-21'),(122,1.60000000,'2024-08-25'),(122,1.43000000,'2024-08-29'),(122,1.36000000,'2024-09-02'),(122,1.36000000,'2024-09-06'),(122,1.53000000,'2024-09-10'),(122,1.55000000,'2024-09-14'),(122,1.45000000,'2024-09-18'),(122,1.77000000,'2024-09-22'),(122,1.68000000,'2024-09-26'),(122,1.90000000,'2024-09-30'),(122,1.52000000,'2024-10-04'),(122,1.66000000,'2024-10-08'),(122,1.69000000,'2024-10-12'),(122,1.73000000,'2024-10-16'),(122,1.69000000,'2024-10-20'),(122,1.72000000,'2024-10-24'),(122,1.59000000,'2024-10-28'),(122,1.61000000,'2024-11-01'),(122,1.34000000,'2024-11-05'),(122,1.58000000,'2024-11-09'),(122,1.68000000,'2024-11-13'),(122,1.77000000,'2024-11-17'),(122,1.66000000,'2024-11-21'),(122,2.21000000,'2024-11-25'),(122,2.36000000,'2024-11-29'),(122,2.56000000,'2024-12-03'),(122,2.67000000,'2024-12-07'),(122,2.20000000,'2024-12-11'),(122,2.44000000,'2024-12-15'),(122,2.15000000,'2024-12-19'),(122,1.76000000,'2024-12-23'),(122,1.77000000,'2024-12-27'),(122,1.82000000,'2024-12-31'),(122,2.01000000,'2025-01-04'),(122,1.89000000,'2025-01-08'),(122,1.79000000,'2025-01-12'),(122,1.90000000,'2025-01-16'),(122,1.71000000,'2025-01-20'),(122,1.72000000,'2025-01-24'),(122,1.45000000,'2025-01-28'),(122,1.42000000,'2025-02-01'),(122,1.12000000,'2025-02-05'),(122,1.06500000,'2025-02-09'),(122,1.12000000,'2025-02-13'),(122,1.11000000,'2025-02-17'),(122,1.16000000,'2025-02-21'),(122,0.99888900,'2025-02-25'),(122,1.08000000,'2025-03-01'),(122,0.94288600,'2025-03-05'),(122,0.93390100,'2025-03-09'),(122,0.87937000,'2025-03-13'),(122,0.83191300,'2025-03-17'),(122,0.87841500,'2025-03-21'),(122,0.90429300,'2025-03-25'),(122,0.83297600,'2025-03-29'),(122,0.75771300,'2025-04-02'),(122,0.69779800,'2025-04-06'),(122,0.66184800,'2025-04-10'),(122,0.67195100,'2025-04-14'),(122,0.64605100,'2025-04-18'),(122,0.69997600,'2025-04-22'),(122,0.80872100,'2025-04-26'),(122,0.75684300,'2025-04-30'),(122,0.67968800,'2025-05-04'),(122,0.59481900,'2025-05-08'),(122,0.86276500,'2025-05-12'),(122,0.74825500,'2025-05-16'),(122,0.71107500,'2025-05-20'),(122,0.74408100,'2025-05-24'),(122,0.75931900,'2025-05-28'),(122,0.65302300,'2025-06-01'),(122,0.62910900,'2025-06-05'),(122,0.60970000,'2025-06-09'),(122,0.63200300,'2025-06-13'),(122,0.58726300,'2025-06-17'),(122,0.54220400,'2025-06-21'),(122,0.55530000,'2025-06-25'),(122,0.55158700,'2025-06-29'),(122,0.56411200,'2025-07-03'),(122,0.54367100,'2025-07-07'),(122,0.65788800,'2025-07-11'),(122,0.65724700,'2025-07-15'),(122,0.74534700,'2025-07-19'),(122,0.79804200,'2025-07-23'),(122,0.72232700,'2025-07-27'),(122,0.70541700,'2025-07-31'),(122,0.65649800,'2025-08-04'),(122,0.71556400,'2025-08-08'),(122,0.75011600,'2025-08-12'),(122,0.72330400,'2025-08-16'),(122,0.68688200,'2025-08-20'),(123,0.14291500,'2024-08-21'),(123,0.17672500,'2024-08-25'),(123,0.14628900,'2024-08-29'),(123,0.13846500,'2024-09-02'),(123,0.13395700,'2024-09-06'),(123,0.14304900,'2024-09-10'),(123,0.15046900,'2024-09-14'),(123,0.14168300,'2024-09-18'),(123,0.16625300,'2024-09-22'),(123,0.17895800,'2024-09-26'),(123,0.18851600,'2024-09-30'),(123,0.15402000,'2024-10-04'),(123,0.16477100,'2024-10-08'),(123,0.16274400,'2024-10-12'),(123,0.17332800,'2024-10-16'),(123,0.16719400,'2024-10-20'),(123,0.16097200,'2024-10-24'),(123,0.15528900,'2024-10-28'),(123,0.14712400,'2024-11-01'),(123,0.13090300,'2024-11-05'),(123,0.16201400,'2024-11-09'),(123,0.19254300,'2024-11-13'),(123,0.20869000,'2024-11-17'),(123,0.22090200,'2024-11-21'),(123,0.25887400,'2024-11-25'),(123,0.27426900,'2024-11-29'),(123,0.29863800,'2024-12-03'),(123,0.33843000,'2024-12-07'),(123,0.26279900,'2024-12-11'),(123,0.27278100,'2024-12-15'),(123,0.23441100,'2024-12-19'),(123,0.20548800,'2024-12-23'),(123,0.20744400,'2024-12-27'),(123,0.20315100,'2024-12-31'),(123,0.24104300,'2025-01-04'),(123,0.22145100,'2025-01-08'),(123,0.20548200,'2025-01-12'),(123,0.21587200,'2025-01-16'),(123,0.19780900,'2025-01-20'),(123,0.18938100,'2025-01-24'),(123,0.17707400,'2025-01-28'),(123,0.18035900,'2025-02-01'),(123,0.14018300,'2025-02-05'),(123,0.13078700,'2025-02-09'),(123,0.14506300,'2025-02-13'),(123,0.13827400,'2025-02-17'),(123,0.13911600,'2025-02-21'),(123,0.12139300,'2025-02-25'),(123,0.12052400,'2025-03-01'),(123,0.10637900,'2025-03-05'),(123,0.10117400,'2025-03-09'),(123,0.09240400,'2025-03-13'),(123,0.09156200,'2025-03-17'),(123,0.09550800,'2025-03-21'),(123,0.10185600,'2025-03-25'),(123,0.09493900,'2025-03-29'),(123,0.08991100,'2025-04-02'),(123,0.08197900,'2025-04-06'),(123,0.08008100,'2025-04-10'),(123,0.07876900,'2025-04-14'),(123,0.07563000,'2025-04-18'),(123,0.08285400,'2025-04-22'),(123,0.10095000,'2025-04-26'),(123,0.09690500,'2025-04-30'),(123,0.09347700,'2025-05-04'),(123,0.09142500,'2025-05-08'),(123,0.11817400,'2025-05-12'),(123,0.11391600,'2025-05-16'),(123,0.11019200,'2025-05-20'),(123,0.10939000,'2025-05-24'),(123,0.11148900,'2025-05-28'),(123,0.09521800,'2025-06-01'),(123,0.09473000,'2025-06-05'),(123,0.09149200,'2025-06-09'),(123,0.09020100,'2025-06-13'),(123,0.08811200,'2025-06-17'),(123,0.08024100,'2025-06-21'),(123,0.08377900,'2025-06-25'),(123,0.08428200,'2025-06-29'),(123,0.08680000,'2025-07-03'),(123,0.08467800,'2025-07-07'),(123,0.09707800,'2025-07-11'),(123,0.09898400,'2025-07-15'),(123,0.10682800,'2025-07-19'),(123,0.11318500,'2025-07-23'),(123,0.10505900,'2025-07-27'),(123,0.10023200,'2025-07-31'),(123,0.09148300,'2025-08-04'),(123,0.09549900,'2025-08-08'),(123,0.09352100,'2025-08-12'),(123,0.09280600,'2025-08-16'),(123,0.08839700,'2025-08-20'),(124,4.50000000,'2024-08-21'),(124,6.18000000,'2024-08-25'),(124,5.55000000,'2024-08-29'),(124,4.85000000,'2024-09-02'),(124,4.68000000,'2024-09-06'),(124,5.16000000,'2024-09-10'),(124,5.24000000,'2024-09-14'),(124,4.76000000,'2024-09-18'),(124,5.62000000,'2024-09-22'),(124,5.92000000,'2024-09-26'),(124,6.68000000,'2024-09-30'),(124,5.23000000,'2024-10-04'),(124,5.26000000,'2024-10-08'),(124,5.38000000,'2024-10-12'),(124,5.47000000,'2024-10-16'),(124,5.37000000,'2024-10-20'),(124,5.10000000,'2024-10-24'),(124,4.87000000,'2024-10-28'),(124,4.78000000,'2024-11-01'),(124,4.21000000,'2024-11-05'),(124,4.97000000,'2024-11-09'),(124,7.29000000,'2024-11-13'),(124,7.01000000,'2024-11-17'),(124,7.43000000,'2024-11-21'),(124,8.05000000,'2024-11-25'),(124,8.58000000,'2024-11-29'),(124,8.68000000,'2024-12-03'),(124,10.49000000,'2024-12-07'),(124,8.74000000,'2024-12-11'),(124,9.07000000,'2024-12-15'),(124,7.78000000,'2024-12-19'),(124,7.02000000,'2024-12-23'),(124,7.10000000,'2024-12-27'),(124,6.82000000,'2024-12-31'),(124,8.05000000,'2025-01-04'),(124,8.14000000,'2025-01-08'),(124,7.36000000,'2025-01-12'),(124,7.66000000,'2025-01-16'),(124,6.70000000,'2025-01-20'),(124,7.06000000,'2025-01-24'),(124,6.20000000,'2025-01-28'),(124,5.85000000,'2025-02-01'),(124,4.64000000,'2025-02-05'),(124,4.27000000,'2025-02-09'),(124,4.63000000,'2025-02-13'),(124,4.46000000,'2025-02-17'),(124,4.45000000,'2025-02-21'),(124,3.62000000,'2025-02-25'),(124,3.82000000,'2025-03-01'),(124,3.54000000,'2025-03-05'),(124,3.49000000,'2025-03-09'),(124,3.08000000,'2025-03-13'),(124,3.11000000,'2025-03-17'),(124,3.33000000,'2025-03-21'),(124,3.78000000,'2025-03-25'),(124,3.74000000,'2025-03-29'),(124,3.70000000,'2025-04-02'),(124,3.17000000,'2025-04-06'),(124,3.38000000,'2025-04-10'),(124,3.76000000,'2025-04-14'),(124,4.01000000,'2025-04-18'),(124,4.36000000,'2025-04-22'),(124,4.41000000,'2025-04-26'),(124,4.44000000,'2025-04-30'),(124,4.59000000,'2025-05-04'),(124,4.21000000,'2025-05-08'),(124,5.20000000,'2025-05-12'),(124,4.75000000,'2025-05-16'),(124,4.56000000,'2025-05-20'),(124,4.70000000,'2025-05-24'),(124,4.57000000,'2025-05-28'),(124,3.87000000,'2025-06-01'),(124,3.75000000,'2025-06-05'),(124,3.85000000,'2025-06-09'),(124,3.55000000,'2025-06-13'),(124,3.44000000,'2025-06-17'),(124,3.06000000,'2025-06-21'),(124,3.20000000,'2025-06-25'),(124,3.24000000,'2025-06-29'),(124,3.28000000,'2025-07-03'),(124,3.23000000,'2025-07-07'),(124,3.67000000,'2025-07-11'),(124,3.76000000,'2025-07-15'),(124,4.05000000,'2025-07-19'),(124,4.59000000,'2025-07-23'),(124,4.22000000,'2025-07-27'),(124,3.88000000,'2025-07-31'),(124,3.57000000,'2025-08-04'),(124,3.79000000,'2025-08-08'),(124,3.75000000,'2025-08-12'),(124,3.84000000,'2025-08-16'),(124,3.54000000,'2025-08-20'),(125,1941.12000000,'2024-08-21'),(125,2134.48000000,'2024-08-25'),(125,1816.71000000,'2024-08-29'),(125,1688.74000000,'2024-09-02'),(125,1624.89000000,'2024-09-06'),(125,1610.06000000,'2024-09-10'),(125,1635.42000000,'2024-09-14'),(125,1499.32000000,'2024-09-18'),(125,1584.37000000,'2024-09-22'),(125,1551.72000000,'2024-09-26'),(125,1665.97000000,'2024-09-30'),(125,1432.36000000,'2024-10-04'),(125,1399.80000000,'2024-10-08'),(125,1367.73000000,'2024-10-12'),(125,1322.57000000,'2024-10-16'),(125,1215.89000000,'2024-10-20'),(125,1160.87000000,'2024-10-24'),(125,1102.15000000,'2024-10-28'),(125,1266.11000000,'2024-11-01'),(125,1147.99000000,'2024-11-05'),(125,1479.48000000,'2024-11-09'),(125,1524.04000000,'2024-11-13'),(125,1503.50000000,'2024-11-17'),(125,1498.81000000,'2024-11-21'),(125,1743.52000000,'2024-11-25'),(125,1822.69000000,'2024-11-29'),(125,1976.61000000,'2024-12-03'),(125,2216.44000000,'2024-12-07'),(125,1764.57000000,'2024-12-11'),(125,1928.05000000,'2024-12-15'),(125,1671.49000000,'2024-12-19'),(125,1581.30000000,'2024-12-23'),(125,1529.00000000,'2024-12-27'),(125,1498.19000000,'2024-12-31'),(125,1596.74000000,'2025-01-04'),(125,1493.49000000,'2025-01-08'),(125,1439.65000000,'2025-01-12'),(125,1429.12000000,'2025-01-16'),(125,1278.40000000,'2025-01-20'),(125,1272.41000000,'2025-01-24'),(125,1202.93000000,'2025-01-28'),(125,1149.19000000,'2025-02-01'),(125,917.75000000,'2025-02-05'),(125,936.21000000,'2025-02-09'),(125,1015.95000000,'2025-02-13'),(125,988.95000000,'2025-02-17'),(125,1428.04000000,'2025-02-21'),(125,1416.59000000,'2025-02-25'),(125,1582.29000000,'2025-03-01'),(125,1368.48000000,'2025-03-05'),(125,1358.14000000,'2025-03-09'),(125,1131.91000000,'2025-03-13'),(125,1178.35000000,'2025-03-17'),(125,1265.16000000,'2025-03-21'),(125,1274.17000000,'2025-03-25'),(125,1443.43000000,'2025-03-29'),(125,1384.84000000,'2025-04-02'),(125,1349.70000000,'2025-04-06'),(125,1396.05000000,'2025-04-10'),(125,1352.78000000,'2025-04-14'),(125,1347.46000000,'2025-04-18'),(125,1345.90000000,'2025-04-22'),(125,1489.53000000,'2025-04-26'),(125,1526.19000000,'2025-04-30'),(125,1507.92000000,'2025-05-04'),(125,1514.22000000,'2025-05-08'),(125,1822.88000000,'2025-05-12'),(125,1803.05000000,'2025-05-16'),(125,1730.70000000,'2025-05-20'),(125,1630.83000000,'2025-05-24'),(125,1680.13000000,'2025-05-28'),(125,1573.03000000,'2025-06-01'),(125,1782.22000000,'2025-06-05'),(125,1757.57000000,'2025-06-09'),(125,1997.57000000,'2025-06-13'),(125,2154.57000000,'2025-06-17'),(125,1851.11000000,'2025-06-21'),(125,1994.15000000,'2025-06-25'),(125,1922.38000000,'2025-06-29'),(125,1984.45000000,'2025-07-03'),(125,1909.81000000,'2025-07-07'),(125,2017.48000000,'2025-07-11'),(125,1850.97000000,'2025-07-15'),(125,2014.96000000,'2025-07-19'),(125,2084.57000000,'2025-07-23'),(125,2284.59000000,'2025-07-27'),(125,2053.97000000,'2025-07-31'),(125,1889.92000000,'2025-08-04'),(125,1994.35000000,'2025-08-08'),(125,2008.28000000,'2025-08-12'),(125,1830.84000000,'2025-08-16'),(125,1655.00000000,'2025-08-20'),(126,1.09500000,'2024-08-21'),(126,1.29000000,'2024-08-25'),(126,1.04300000,'2024-08-29'),(126,1.00500000,'2024-09-02'),(126,0.96476100,'2024-09-06'),(126,1.00800000,'2024-09-10'),(126,1.06400000,'2024-09-14'),(126,0.98901800,'2024-09-18'),(126,1.15000000,'2024-09-22'),(126,1.23000000,'2024-09-26'),(126,1.33000000,'2024-09-30'),(126,1.02200000,'2024-10-04'),(126,1.07200000,'2024-10-08'),(126,1.07200000,'2024-10-12'),(126,1.14000000,'2024-10-16'),(126,1.14000000,'2024-10-20'),(126,1.09700000,'2024-10-24'),(126,1.03600000,'2024-10-28'),(126,1.04000000,'2024-11-01'),(126,0.93689700,'2024-11-05'),(126,1.28000000,'2024-11-09'),(126,1.20000000,'2024-11-13'),(126,1.22000000,'2024-11-17'),(126,1.12000000,'2024-11-21'),(126,1.46000000,'2024-11-25'),(126,1.71000000,'2024-11-29'),(126,1.85000000,'2024-12-03'),(126,2.26000000,'2024-12-07'),(126,1.83000000,'2024-12-11'),(126,2.21000000,'2024-12-15'),(126,1.88000000,'2024-12-19'),(126,1.72000000,'2024-12-23'),(126,1.77000000,'2024-12-27'),(126,1.87000000,'2024-12-31'),(126,2.00000000,'2025-01-04'),(126,1.77000000,'2025-01-08'),(126,1.59000000,'2025-01-12'),(126,2.09000000,'2025-01-16'),(126,1.62000000,'2025-01-20'),(126,1.82000000,'2025-01-24'),(126,1.91000000,'2025-01-28'),(126,2.30000000,'2025-02-01'),(126,1.71000000,'2025-02-05'),(126,1.53000000,'2025-02-09'),(126,1.74000000,'2025-02-13'),(126,1.78000000,'2025-02-17'),(126,1.78000000,'2025-02-21'),(126,1.41000000,'2025-02-25'),(126,1.27000000,'2025-03-01'),(126,1.08600000,'2025-03-05'),(126,1.06900000,'2025-03-09'),(126,0.92036700,'2025-03-13'),(126,0.92336000,'2025-03-17'),(126,1.01800000,'2025-03-21'),(126,1.07100000,'2025-03-25'),(126,0.92844500,'2025-03-29'),(126,0.89997600,'2025-04-02'),(126,0.82766800,'2025-04-06'),(126,0.73859400,'2025-04-10'),(126,0.71986800,'2025-04-14'),(126,0.68346200,'2025-04-18'),(126,0.71249900,'2025-04-22'),(126,0.85551600,'2025-04-26'),(126,0.82662600,'2025-04-30'),(126,0.82548900,'2025-05-04'),(126,0.78020600,'2025-05-08'),(126,1.09500000,'2025-05-12'),(126,0.98497400,'2025-05-16'),(126,0.89855300,'2025-05-20'),(126,0.86023500,'2025-05-24'),(126,0.91020000,'2025-05-28'),(126,0.83059100,'2025-06-01'),(126,0.88965000,'2025-06-05'),(126,0.81125700,'2025-06-09'),(126,0.86592900,'2025-06-13'),(126,0.83105300,'2025-06-17'),(126,0.72975000,'2025-06-21'),(126,0.72111700,'2025-06-25'),(126,0.72048900,'2025-06-29'),(126,0.76617100,'2025-07-03'),(126,0.74294500,'2025-07-07'),(126,0.84646300,'2025-07-11'),(126,0.85928100,'2025-07-15'),(126,1.05400000,'2025-07-19'),(126,1.22000000,'2025-07-23'),(126,1.07800000,'2025-07-27'),(126,1.01700000,'2025-07-31'),(126,0.91964400,'2025-08-04'),(126,1.05400000,'2025-08-08'),(126,1.50000000,'2025-08-12'),(126,1.38000000,'2025-08-16'),(126,1.28000000,'2025-08-20'),(127,0.00001817,'2024-08-21'),(127,0.00002201,'2024-08-25'),(127,0.00001810,'2024-08-29'),(127,0.00001649,'2024-09-02'),(127,0.00001591,'2024-09-06'),(127,0.00001723,'2024-09-10'),(127,0.00001769,'2024-09-14'),(127,0.00001653,'2024-09-18'),(127,0.00001841,'2024-09-22'),(127,0.00001855,'2024-09-26'),(127,0.00002288,'2024-09-30'),(127,0.00001982,'2024-10-04'),(127,0.00002123,'2024-10-08'),(127,0.00002146,'2024-10-12'),(127,0.00002239,'2024-10-16'),(127,0.00002349,'2024-10-20'),(127,0.00002189,'2024-10-24'),(127,0.00002133,'2024-10-28'),(127,0.00002019,'2024-11-01'),(127,0.00001783,'2024-11-05'),(127,0.00002196,'2024-11-09'),(127,0.00003844,'2024-11-13'),(127,0.00004719,'2024-11-17'),(127,0.00005029,'2024-11-21'),(127,0.00004793,'2024-11-25'),(127,0.00004300,'2024-11-29'),(127,0.00004283,'2024-12-03'),(127,0.00004296,'2024-12-07'),(127,0.00003581,'2024-12-11'),(127,0.00003646,'2024-12-15'),(127,0.00003113,'2024-12-19'),(127,0.00003121,'2024-12-23'),(127,0.00003037,'2024-12-27'),(127,0.00003095,'2024-12-31'),(127,0.00003576,'2025-01-04'),(127,0.00003091,'2025-01-08'),(127,0.00002811,'2025-01-12'),(127,0.00002925,'2025-01-16'),(127,0.00003246,'2025-01-20'),(127,0.00003139,'2025-01-24'),(127,0.00002613,'2025-01-28'),(127,0.00002480,'2025-02-01'),(127,0.00001841,'2025-02-05'),(127,0.00001777,'2025-02-09'),(127,0.00001823,'2025-02-13'),(127,0.00001743,'2025-02-17'),(127,0.00001606,'2025-02-21'),(127,0.00001313,'2025-02-25'),(127,0.00001364,'2025-03-01'),(127,0.00001197,'2025-03-05'),(127,0.00001168,'2025-03-09'),(127,0.00001070,'2025-03-13'),(127,0.00001040,'2025-03-17'),(127,0.00001166,'2025-03-21'),(127,0.00001407,'2025-03-25'),(127,0.00001226,'2025-03-29'),(127,0.00001250,'2025-04-02'),(127,0.00001115,'2025-04-06'),(127,0.00001109,'2025-04-10'),(127,0.00001260,'2025-04-14'),(127,0.00001179,'2025-04-18'),(127,0.00001231,'2025-04-22'),(127,0.00001987,'2025-04-26'),(127,0.00002032,'2025-04-30'),(127,0.00001678,'2025-05-04'),(127,0.00001694,'2025-05-08'),(127,0.00002225,'2025-05-12'),(127,0.00002084,'2025-05-16'),(127,0.00001970,'2025-05-20'),(127,0.00002110,'2025-05-24'),(127,0.00002058,'2025-05-28'),(127,0.00001658,'2025-06-01'),(127,0.00001577,'2025-06-05'),(127,0.00001578,'2025-06-09'),(127,0.00001535,'2025-06-13'),(127,0.00001487,'2025-06-17'),(127,0.00001355,'2025-06-21'),(127,0.00001417,'2025-06-25'),(127,0.00001473,'2025-06-29'),(127,0.00001583,'2025-07-03'),(127,0.00002195,'2025-07-07'),(127,0.00002380,'2025-07-11'),(127,0.00002698,'2025-07-15'),(127,0.00003245,'2025-07-19'),(127,0.00003689,'2025-07-23'),(127,0.00003469,'2025-07-27'),(127,0.00002837,'2025-07-31'),(127,0.00002612,'2025-08-04'),(127,0.00002599,'2025-08-08'),(127,0.00002499,'2025-08-12'),(127,0.00002359,'2025-08-16'),(127,0.00002145,'2025-08-20'),(128,37.37000000,'2024-08-21'),(128,39.69000000,'2024-08-25'),(128,36.45000000,'2024-08-29'),(128,36.19000000,'2024-09-02'),(128,36.25000000,'2024-09-06'),(128,37.55000000,'2024-09-10'),(128,40.16000000,'2024-09-14'),(128,38.12000000,'2024-09-18'),(128,39.67000000,'2024-09-22'),(128,39.55000000,'2024-09-26'),(128,42.84000000,'2024-09-30'),(128,40.73000000,'2024-10-04'),(128,41.79000000,'2024-10-08'),(128,42.33000000,'2024-10-12'),(128,41.45000000,'2024-10-16'),(128,40.50000000,'2024-10-20'),(128,39.41000000,'2024-10-24'),(128,38.85000000,'2024-10-28'),(128,38.21000000,'2024-11-01'),(128,37.29000000,'2024-11-05'),(128,39.88000000,'2024-11-09'),(128,45.31000000,'2024-11-13'),(128,45.30000000,'2024-11-17'),(128,43.58000000,'2024-11-21'),(128,54.07000000,'2024-11-25'),(128,53.38000000,'2024-11-29'),(128,54.28000000,'2024-12-03'),(128,59.69000000,'2024-12-07'),(128,52.84000000,'2024-12-11'),(128,53.32000000,'2024-12-15'),(128,48.66000000,'2024-12-19'),(128,44.82000000,'2024-12-23'),(128,50.12000000,'2024-12-27'),(128,49.86000000,'2024-12-31'),(128,50.66000000,'2025-01-04'),(128,48.56000000,'2025-01-08'),(128,47.62000000,'2025-01-12'),(128,51.22000000,'2025-01-16'),(128,56.22000000,'2025-01-20'),(128,53.88000000,'2025-01-24'),(128,53.69000000,'2025-01-28'),(128,52.83000000,'2025-02-01'),(128,47.06000000,'2025-02-05'),(128,47.87000000,'2025-02-09'),(128,51.86000000,'2025-02-13'),(128,51.61000000,'2025-02-17'),(128,49.43000000,'2025-02-21'),(128,46.30000000,'2025-02-25'),(128,45.03000000,'2025-03-01'),(128,42.66000000,'2025-03-05'),(128,43.91000000,'2025-03-09'),(128,41.58000000,'2025-03-13'),(128,48.05000000,'2025-03-17'),(128,51.79000000,'2025-03-21'),(128,50.74000000,'2025-03-25'),(128,49.19000000,'2025-03-29'),(128,48.34000000,'2025-04-02'),(128,52.07000000,'2025-04-06'),(128,52.93000000,'2025-04-10'),(128,52.91000000,'2025-04-14'),(128,50.65000000,'2025-04-18'),(128,51.00000000,'2025-04-22'),(128,52.86000000,'2025-04-26'),(128,51.55000000,'2025-04-30'),(128,51.22000000,'2025-05-04'),(128,50.69000000,'2025-05-08'),(128,55.02000000,'2025-05-12'),(128,53.31000000,'2025-05-16'),(128,52.40000000,'2025-05-20'),(128,52.17000000,'2025-05-24'),(128,52.25000000,'2025-05-28'),(128,50.62000000,'2025-06-01'),(128,50.02000000,'2025-06-05'),(128,51.95000000,'2025-06-09'),(128,53.45000000,'2025-06-13'),(128,51.60000000,'2025-06-17'),(128,51.63000000,'2025-06-21'),(128,50.30000000,'2025-06-25'),(128,50.14000000,'2025-06-29'),(128,49.77000000,'2025-07-03'),(128,48.82000000,'2025-07-07'),(128,49.01000000,'2025-07-11'),(128,48.09000000,'2025-07-15'),(128,48.46000000,'2025-07-19'),(128,48.64000000,'2025-07-23'),(128,48.55000000,'2025-07-27'),(128,47.97000000,'2025-07-31'),(128,46.40000000,'2025-08-04'),(128,45.97000000,'2025-08-08'),(128,46.11000000,'2025-08-12'),(128,92.80000000,'2025-08-16'),(128,120.51000000,'2025-08-20'),(129,0.00039537,'2024-10-20'),(129,0.00027283,'2024-10-24'),(129,0.00014591,'2024-10-28'),(129,0.00013241,'2024-11-01'),(129,0.00015651,'2024-11-05'),(129,0.00017795,'2024-11-09'),(129,0.00007859,'2024-11-13'),(129,0.00007777,'2024-11-17'),(129,0.00008035,'2024-11-21'),(129,0.00007713,'2024-11-25'),(129,0.00006778,'2024-11-29'),(129,0.00004953,'2024-12-03'),(129,0.00005149,'2024-12-07'),(129,0.00004556,'2024-12-11'),(129,0.00004459,'2024-12-15'),(129,0.00003204,'2024-12-19'),(129,0.00002608,'2024-12-23'),(129,0.00002268,'2024-12-27'),(129,0.00002315,'2024-12-31'),(129,0.00002291,'2025-01-04'),(129,0.00002629,'2025-01-08'),(129,0.00002402,'2025-01-12'),(129,0.00002112,'2025-01-16'),(129,0.00002322,'2025-01-20'),(129,0.00002213,'2025-01-24'),(129,0.00002079,'2025-01-28'),(129,0.00002252,'2025-02-01'),(129,0.00001767,'2025-02-05'),(129,0.00001758,'2025-02-09'),(129,0.00001692,'2025-02-13'),(129,0.00001636,'2025-02-17'),(129,0.00001771,'2025-02-21'),(129,0.00001716,'2025-02-25'),(129,0.00001392,'2025-03-01'),(129,0.00001222,'2025-03-05'),(129,0.00001296,'2025-03-09'),(129,0.00001118,'2025-03-13'),(129,0.00001202,'2025-03-17'),(129,0.00001280,'2025-03-21'),(129,0.00001253,'2025-03-25'),(129,0.00001089,'2025-03-29'),(129,0.00001047,'2025-04-02'),(129,0.00001027,'2025-04-06'),(129,0.00000997,'2025-04-10'),(129,0.00001090,'2025-04-14'),(129,0.00001134,'2025-04-18'),(129,0.00000979,'2025-04-22'),(129,0.00000980,'2025-04-30'),(129,0.00000999,'2025-05-04'),(129,0.00000988,'2025-05-08'),(129,0.00001376,'2025-05-12'),(129,0.00001386,'2025-05-16'),(129,0.00001358,'2025-05-24'),(129,0.00001367,'2025-05-28'),(129,0.00001336,'2025-06-01'),(129,0.00001401,'2025-06-05'),(129,0.00001367,'2025-06-09'),(129,0.00001439,'2025-06-13'),(129,0.00001374,'2025-06-17'),(129,0.00001385,'2025-06-21'),(129,0.00001306,'2025-06-25'),(129,0.00001318,'2025-06-29'),(129,0.00002671,'2025-07-19'),(129,0.00002257,'2025-07-23'),(129,0.00002621,'2025-07-27'),(129,0.00002652,'2025-07-31'),(129,0.00002481,'2025-08-04'),(129,0.00002760,'2025-08-12'),(129,0.00003038,'2025-08-16'),(129,0.00002616,'2025-08-20'),(130,0.12800100,'2024-08-21'),(130,0.14644100,'2024-08-25'),(130,0.12677000,'2024-08-29'),(130,0.11859800,'2024-09-02'),(130,0.11777700,'2024-09-06'),(130,0.12806700,'2024-09-10'),(130,0.13315000,'2024-09-14'),(130,0.12400700,'2024-09-18'),(130,0.13620800,'2024-09-22'),(130,0.13726400,'2024-09-26'),(130,0.14114000,'2024-09-30'),(130,0.12186600,'2024-10-04'),(130,0.12460100,'2024-10-08'),(130,0.12140900,'2024-10-12'),(130,0.12553600,'2024-10-16'),(130,0.12340500,'2024-10-20'),(130,0.12119000,'2024-10-24'),(130,0.11571500,'2024-10-28'),(130,0.11424100,'2024-11-01'),(130,0.10914300,'2024-11-05'),(130,0.13121200,'2024-11-09'),(130,0.15499300,'2024-11-13'),(130,0.19694600,'2024-11-17'),(130,0.21251000,'2024-11-21'),(130,0.28457600,'2024-11-25'),(130,0.32405500,'2024-11-29'),(130,0.50296500,'2024-12-03'),(130,0.50250000,'2024-12-07'),(130,0.42235400,'2024-12-11'),(130,0.42146600,'2024-12-15'),(130,0.36808800,'2024-12-19'),(130,0.34821100,'2024-12-23'),(130,0.34676300,'2024-12-27'),(130,0.32909300,'2024-12-31'),(130,0.41721700,'2025-01-04'),(130,0.37562500,'2025-01-08'),(130,0.37760500,'2025-01-12'),(130,0.44747000,'2025-01-16'),(130,0.39637600,'2025-01-20'),(130,0.41020800,'2025-01-24'),(130,0.38589500,'2025-01-28'),(130,0.37901600,'2025-02-01'),(130,0.29201900,'2025-02-05'),(130,0.27652300,'2025-02-09'),(130,0.30321800,'2025-02-13'),(130,0.27509000,'2025-02-17'),(130,0.27113500,'2025-02-21'),(130,0.22723300,'2025-02-25'),(130,0.23804500,'2025-03-01'),(130,0.23922600,'2025-03-05'),(130,0.22444200,'2025-03-09'),(130,0.19553900,'2025-03-13'),(130,0.18652000,'2025-03-17'),(130,0.19533100,'2025-03-21'),(130,0.20331700,'2025-03-25'),(130,0.19961400,'2025-03-29'),(130,0.18929100,'2025-04-02'),(130,0.18361900,'2025-04-06'),(130,0.18087300,'2025-04-10'),(130,0.18248500,'2025-04-14'),(130,0.18670500,'2025-04-18'),(130,0.19298100,'2025-04-22'),(130,0.22812200,'2025-04-26'),(130,0.22648600,'2025-04-30'),(130,0.20764500,'2025-05-04'),(130,0.19943500,'2025-05-08'),(130,0.23958100,'2025-05-12'),(130,0.22509700,'2025-05-16'),(130,0.22222100,'2025-05-20'),(130,0.22527500,'2025-05-24'),(130,0.22194000,'2025-05-28'),(130,0.19409200,'2025-06-01'),(130,0.19170500,'2025-06-05'),(130,0.19039400,'2025-06-09'),(130,0.18144400,'2025-06-13'),(130,0.17687400,'2025-06-17'),(130,0.16698900,'2025-06-21'),(130,0.18263500,'2025-06-25'),(130,0.17641000,'2025-06-29'),(130,0.18123400,'2025-07-03'),(130,0.17680300,'2025-07-07'),(130,0.21131100,'2025-07-11'),(130,0.27913800,'2025-07-15'),(130,0.29340700,'2025-07-19'),(130,0.29623800,'2025-07-23'),(130,0.27519900,'2025-07-27'),(130,0.25386900,'2025-07-31'),(130,0.24339100,'2025-08-04'),(130,0.26386100,'2025-08-08'),(130,0.25354900,'2025-08-12'),(130,0.25329100,'2025-08-16'),(130,0.23806900,'2025-08-20'),(131,23.54000000,'2024-08-21'),(131,26.24000000,'2024-08-25'),(131,22.56000000,'2024-08-29'),(131,20.83000000,'2024-09-02'),(131,21.02000000,'2024-09-06'),(131,20.78000000,'2024-09-10'),(131,20.45000000,'2024-09-14'),(131,18.54000000,'2024-09-18'),(131,20.60000000,'2024-09-22'),(131,22.33000000,'2024-09-26'),(131,23.30000000,'2024-09-30'),(131,17.95000000,'2024-10-04'),(131,18.90000000,'2024-10-08'),(131,18.71000000,'2024-10-12'),(131,19.82000000,'2024-10-16'),(131,18.88000000,'2024-10-20'),(131,17.99000000,'2024-10-24'),(131,16.16000000,'2024-10-28'),(131,15.36000000,'2024-11-01'),(131,12.96000000,'2024-11-05'),(131,18.20000000,'2024-11-09'),(131,18.69000000,'2024-11-13'),(131,18.78000000,'2024-11-17'),(131,17.28000000,'2024-11-21'),(131,22.02000000,'2024-11-25'),(131,21.59000000,'2024-11-29'),(131,25.98000000,'2024-12-03'),(131,28.45000000,'2024-12-07'),(131,21.68000000,'2024-12-11'),(131,21.66000000,'2024-12-15'),(131,18.10000000,'2024-12-19'),(131,16.08000000,'2024-12-23'),(131,16.23000000,'2024-12-27'),(131,16.94000000,'2024-12-31'),(131,19.12000000,'2025-01-04'),(131,16.82000000,'2025-01-08'),(131,15.88000000,'2025-01-12'),(131,16.88000000,'2025-01-16'),(131,15.44000000,'2025-01-20'),(131,14.98000000,'2025-01-24'),(131,13.28000000,'2025-01-28'),(131,15.78000000,'2025-02-01'),(131,10.41000000,'2025-02-05'),(131,9.92000000,'2025-02-09'),(131,9.62000000,'2025-02-13'),(131,9.24000000,'2025-02-17'),(131,9.79000000,'2025-02-21'),(131,7.85000000,'2025-02-25'),(131,8.31000000,'2025-03-01'),(131,7.42000000,'2025-03-05'),(131,7.12000000,'2025-03-09'),(131,6.12000000,'2025-03-13'),(131,6.64000000,'2025-03-17'),(131,6.82000000,'2025-03-21'),(131,7.40000000,'2025-03-25'),(131,7.03000000,'2025-03-29'),(131,6.33000000,'2025-04-02'),(131,5.66000000,'2025-04-06'),(131,5.40000000,'2025-04-10'),(131,5.31000000,'2025-04-14'),(131,5.00000000,'2025-04-18'),(131,5.62000000,'2025-04-22'),(131,7.07000000,'2025-04-26'),(131,6.78000000,'2025-04-30'),(131,7.21000000,'2025-05-04'),(131,6.84000000,'2025-05-08'),(131,8.13000000,'2025-05-12'),(131,7.57000000,'2025-05-16'),(131,7.29000000,'2025-05-20'),(131,7.23000000,'2025-05-24'),(131,7.47000000,'2025-05-28'),(131,6.39000000,'2025-06-01'),(131,6.47000000,'2025-06-05'),(131,6.33000000,'2025-06-09'),(131,6.44000000,'2025-06-13'),(131,5.73000000,'2025-06-17'),(131,5.07000000,'2025-06-21'),(131,5.05000000,'2025-06-25'),(131,4.93000000,'2025-06-29'),(131,5.35000000,'2025-07-03'),(131,5.14000000,'2025-07-07'),(131,6.19000000,'2025-07-11'),(131,6.84000000,'2025-07-15'),(131,7.36000000,'2025-07-19'),(131,8.33000000,'2025-07-23'),(131,7.67000000,'2025-07-27'),(131,7.31000000,'2025-07-31'),(131,6.36000000,'2025-08-04'),(131,7.13000000,'2025-08-08'),(131,7.37000000,'2025-08-12'),(131,7.21000000,'2025-08-16'),(131,6.68000000,'2025-08-20'),(132,5.00000000,'2024-08-21'),(132,6.05000000,'2024-08-25'),(132,4.78000000,'2024-08-29'),(132,4.25000000,'2024-09-02'),(132,4.04000000,'2024-09-06'),(132,4.26000000,'2024-09-10'),(132,4.49000000,'2024-09-14'),(132,5.21000000,'2024-09-18'),(132,6.04000000,'2024-09-22'),(132,6.15000000,'2024-09-26'),(132,6.02000000,'2024-09-30'),(132,4.76000000,'2024-10-04'),(132,5.35000000,'2024-10-08'),(132,5.38000000,'2024-10-12'),(132,6.05000000,'2024-10-16'),(132,5.87000000,'2024-10-20'),(132,5.96000000,'2024-10-24'),(132,5.12000000,'2024-10-28'),(132,4.85000000,'2024-11-01'),(132,4.21000000,'2024-11-05'),(132,5.41000000,'2024-11-09'),(132,5.55000000,'2024-11-13'),(132,5.22000000,'2024-11-17'),(132,4.98000000,'2024-11-21'),(132,7.91000000,'2024-11-25'),(132,8.26000000,'2024-11-29'),(132,7.66000000,'2024-12-03'),(132,8.85000000,'2024-12-07'),(132,6.64000000,'2024-12-11'),(132,6.84000000,'2024-12-15'),(132,5.76000000,'2024-12-19'),(132,4.91000000,'2024-12-23'),(132,4.89000000,'2024-12-27'),(132,4.75000000,'2024-12-31'),(132,5.47000000,'2025-01-04'),(132,4.89000000,'2025-01-08'),(132,4.92000000,'2025-01-12'),(132,5.24000000,'2025-01-16'),(132,4.67000000,'2025-01-20'),(132,4.64000000,'2025-01-24'),(132,4.04000000,'2025-01-28'),(132,4.33000000,'2025-02-01'),(132,3.26000000,'2025-02-05'),(132,3.04000000,'2025-02-09'),(132,3.22000000,'2025-02-13'),(132,3.03000000,'2025-02-17'),(132,3.65000000,'2025-02-21'),(132,3.24000000,'2025-02-25'),(132,4.09000000,'2025-03-01'),(132,3.43000000,'2025-03-05'),(132,3.29000000,'2025-03-09'),(132,3.68000000,'2025-03-13'),(132,3.39000000,'2025-03-17'),(132,3.35000000,'2025-03-21'),(132,3.65000000,'2025-03-25'),(132,3.43000000,'2025-03-29'),(132,3.15000000,'2025-04-02'),(132,2.70000000,'2025-04-06'),(132,2.55000000,'2025-04-10'),(132,2.42000000,'2025-04-14'),(132,2.34000000,'2025-04-18'),(132,2.56000000,'2025-04-22'),(132,2.87000000,'2025-04-26'),(132,2.74000000,'2025-04-30'),(132,2.45000000,'2025-05-04'),(132,2.44000000,'2025-05-08'),(132,3.21000000,'2025-05-12'),(132,2.76000000,'2025-05-16'),(132,2.63000000,'2025-05-20'),(132,2.50000000,'2025-05-24'),(132,2.64000000,'2025-05-28'),(132,2.20000000,'2025-06-01'),(132,2.15000000,'2025-06-05'),(132,2.01000000,'2025-06-09'),(132,1.94000000,'2025-06-13'),(132,1.74000000,'2025-06-17'),(132,1.57000000,'2025-06-21'),(132,1.68000000,'2025-06-25'),(132,1.48000000,'2025-06-29'),(132,1.58000000,'2025-07-03'),(132,1.62000000,'2025-07-07'),(132,1.85000000,'2025-07-11'),(132,1.86000000,'2025-07-15'),(132,1.96000000,'2025-07-19'),(132,2.20000000,'2025-07-23'),(132,1.93000000,'2025-07-27'),(132,1.79000000,'2025-07-31'),(132,1.64000000,'2025-08-04'),(132,1.73000000,'2025-08-08'),(132,1.72000000,'2025-08-12'),(132,1.77000000,'2025-08-16'),(132,1.65000000,'2025-08-20'),(133,129.69000000,'2024-08-21'),(133,137.08000000,'2024-08-25'),(133,125.49000000,'2024-08-29'),(133,120.60000000,'2024-09-02'),(133,129.07000000,'2024-09-06'),(133,140.41000000,'2024-09-10'),(133,144.51000000,'2024-09-14'),(133,140.59000000,'2024-09-18'),(133,154.11000000,'2024-09-22'),(133,165.21000000,'2024-09-26'),(133,161.46000000,'2024-09-30'),(133,142.74000000,'2024-10-04'),(133,146.75000000,'2024-10-08'),(133,143.88000000,'2024-10-12'),(133,156.84000000,'2024-10-16'),(133,158.07000000,'2024-10-20'),(133,149.53000000,'2024-10-24'),(133,147.59000000,'2024-10-28'),(133,143.34000000,'2024-11-01'),(133,128.34000000,'2024-11-05'),(133,181.75000000,'2024-11-09'),(133,180.43000000,'2024-11-13'),(133,168.52000000,'2024-11-17'),(133,157.32000000,'2024-11-21'),(133,171.46000000,'2024-11-25'),(133,200.33000000,'2024-11-29'),(133,236.09000000,'2024-12-03'),(133,281.76000000,'2024-12-07'),(133,273.28000000,'2024-12-11'),(133,366.00000000,'2024-12-15'),(133,340.71000000,'2024-12-19'),(133,316.81000000,'2024-12-23'),(133,337.46000000,'2024-12-27'),(133,321.17000000,'2024-12-31'),(133,349.98000000,'2025-01-04'),(133,307.23000000,'2025-01-08'),(133,287.50000000,'2025-01-12'),(133,320.23000000,'2025-01-16'),(133,310.13000000,'2025-01-20'),(133,337.54000000,'2025-01-24'),(133,303.57000000,'2025-01-28'),(133,333.03000000,'2025-02-01'),(133,272.92000000,'2025-02-05'),(133,239.73000000,'2025-02-09'),(133,252.78000000,'2025-02-13'),(133,253.45000000,'2025-02-17'),(133,261.82000000,'2025-02-21'),(133,210.07000000,'2025-02-25'),(133,192.65000000,'2025-03-01'),(133,206.09000000,'2025-03-05'),(133,195.70000000,'2025-03-09'),(133,175.03000000,'2025-03-13'),(133,165.03000000,'2025-03-17'),(133,178.26000000,'2025-03-21'),(133,190.01000000,'2025-03-25'),(133,175.55000000,'2025-03-29'),(133,166.44000000,'2025-04-02'),(133,152.87000000,'2025-04-06'),(133,142.87000000,'2025-04-10'),(133,139.07000000,'2025-04-14'),(133,138.68000000,'2025-04-18'),(133,142.64000000,'2025-04-22'),(133,166.85000000,'2025-04-26'),(133,165.81000000,'2025-04-30'),(133,178.08000000,'2025-05-04'),(133,172.02000000,'2025-05-08'),(133,220.48000000,'2025-05-12'),(133,222.64000000,'2025-05-16'),(133,247.13000000,'2025-05-20'),(133,255.26000000,'2025-05-24'),(133,272.06000000,'2025-05-28'),(133,248.53000000,'2025-06-01'),(133,265.36000000,'2025-06-05'),(133,254.37000000,'2025-06-09'),(133,294.68000000,'2025-06-13'),(133,277.51000000,'2025-06-17'),(133,247.26000000,'2025-06-21'),(133,263.63000000,'2025-06-25'),(133,260.24000000,'2025-06-29'),(133,276.37000000,'2025-07-03'),(133,286.36000000,'2025-07-07'),(133,309.12000000,'2025-07-11'),(133,314.75000000,'2025-07-15'),(133,324.69000000,'2025-07-19'),(133,310.74000000,'2025-07-23'),(133,295.13000000,'2025-07-27'),(133,274.26000000,'2025-07-31'),(133,259.95000000,'2025-08-04'),(133,284.92000000,'2025-08-08'),(133,294.05000000,'2025-08-12'),(133,299.75000000,'2025-08-16'),(133,277.62000000,'2025-08-20'),(134,0.87187800,'2024-08-21'),(134,1.02100000,'2024-08-25'),(134,0.81263100,'2024-08-29'),(134,0.76340900,'2024-09-02'),(134,0.79735900,'2024-09-06'),(134,0.95346700,'2024-09-10'),(134,1.02800000,'2024-09-14'),(134,1.17000000,'2024-09-18'),(134,1.49000000,'2024-09-22'),(134,1.70000000,'2024-09-26'),(134,1.76000000,'2024-09-30'),(134,1.68000000,'2024-10-04'),(134,2.03000000,'2024-10-08'),(134,2.05000000,'2024-10-12'),(134,2.05000000,'2024-10-16'),(134,2.06000000,'2024-10-20'),(134,1.98000000,'2024-10-24'),(134,1.75000000,'2024-10-28'),(134,1.97000000,'2024-11-01'),(134,1.85000000,'2024-11-05'),(134,2.29000000,'2024-11-09'),(134,3.24000000,'2024-11-13'),(134,3.76000000,'2024-11-17'),(134,3.54000000,'2024-11-21'),(134,3.40000000,'2024-11-25'),(134,3.45000000,'2024-11-29'),(134,3.39000000,'2024-12-03'),(134,4.22000000,'2024-12-07'),(134,3.71000000,'2024-12-11'),(134,4.46000000,'2024-12-15'),(134,4.33000000,'2024-12-19'),(134,4.30000000,'2024-12-23'),(134,4.19000000,'2024-12-27'),(134,4.17000000,'2024-12-31'),(134,4.96000000,'2025-01-04'),(134,4.79000000,'2025-01-08'),(134,4.97000000,'2025-01-12'),(134,4.85000000,'2025-01-16'),(134,4.50000000,'2025-01-20'),(134,4.32000000,'2025-01-24'),(134,3.96000000,'2025-01-28'),(134,4.09000000,'2025-02-01'),(134,3.62000000,'2025-02-05'),(134,3.08000000,'2025-02-09'),(134,3.59000000,'2025-02-13'),(134,3.27000000,'2025-02-17'),(134,3.45000000,'2025-02-21'),(134,2.83000000,'2025-02-25'),(134,2.83000000,'2025-03-01'),(134,2.53000000,'2025-03-05'),(134,2.48000000,'2025-03-09'),(134,2.28000000,'2025-03-13'),(134,2.23000000,'2025-03-17'),(134,2.36000000,'2025-03-21'),(134,2.39000000,'2025-03-25'),(134,2.51000000,'2025-03-29'),(134,2.40000000,'2025-04-02'),(134,2.22000000,'2025-04-06'),(134,2.22000000,'2025-04-10'),(134,2.23000000,'2025-04-14'),(134,2.12000000,'2025-04-18'),(134,2.19000000,'2025-04-22'),(134,3.51000000,'2025-04-26'),(134,3.54000000,'2025-04-30'),(134,3.33000000,'2025-05-04'),(134,3.33000000,'2025-05-08'),(134,4.01000000,'2025-05-12'),(134,3.84000000,'2025-05-16'),(134,3.84000000,'2025-05-20'),(134,3.60000000,'2025-05-24'),(134,3.68000000,'2025-05-28'),(134,3.25000000,'2025-06-01'),(134,3.17000000,'2025-06-05'),(134,3.22000000,'2025-06-09'),(134,3.23000000,'2025-06-13'),(134,3.02000000,'2025-06-17'),(134,2.71000000,'2025-06-21'),(134,2.80000000,'2025-06-25'),(134,2.81000000,'2025-06-29'),(134,2.90000000,'2025-07-03'),(134,2.91000000,'2025-07-07'),(134,3.49000000,'2025-07-11'),(134,3.88000000,'2025-07-15'),(134,3.78000000,'2025-07-19'),(134,4.00000000,'2025-07-23'),(134,4.15000000,'2025-07-27'),(134,3.76000000,'2025-07-31'),(134,3.44000000,'2025-08-04'),(134,3.77000000,'2025-08-08'),(134,3.66000000,'2025-08-12'),(134,3.71000000,'2025-08-16'),(134,3.42000000,'2025-08-20'),(135,3.91000000,'2024-08-21'),(135,4.46000000,'2024-08-25'),(135,4.02000000,'2024-08-29'),(135,3.83000000,'2024-09-02'),(135,3.58000000,'2024-09-06'),(135,3.84000000,'2024-09-10'),(135,4.15000000,'2024-09-14'),(135,4.04000000,'2024-09-18'),(135,4.69000000,'2024-09-22'),(135,5.03000000,'2024-09-26'),(135,5.31000000,'2024-09-30'),(135,4.51000000,'2024-10-04'),(135,5.08000000,'2024-10-08'),(135,4.96000000,'2024-10-12'),(135,5.17000000,'2024-10-16'),(135,4.94000000,'2024-10-20'),(135,5.15000000,'2024-10-24'),(135,5.32000000,'2024-10-28'),(135,5.61000000,'2024-11-01'),(135,4.27000000,'2024-11-05'),(135,5.53000000,'2024-11-09'),(135,5.89000000,'2024-11-13'),(135,5.61000000,'2024-11-17'),(135,5.07000000,'2024-11-21'),(135,5.77000000,'2024-11-25'),(135,5.58000000,'2024-11-29'),(135,6.45000000,'2024-12-03'),(135,7.30000000,'2024-12-07'),(135,6.06000000,'2024-12-11'),(135,6.19000000,'2024-12-15'),(135,5.87000000,'2024-12-19'),(135,4.94000000,'2024-12-23'),(135,4.83000000,'2024-12-27'),(135,4.53000000,'2024-12-31'),(135,5.10000000,'2025-01-04'),(135,4.42000000,'2025-01-08'),(135,3.45000000,'2025-01-12'),(135,3.51000000,'2025-01-16'),(135,3.29000000,'2025-01-20'),(135,3.03000000,'2025-01-24'),(135,2.40000000,'2025-01-28'),(135,2.13000000,'2025-02-01'),(135,1.37000000,'2025-02-05'),(135,1.24000000,'2025-02-09'),(135,1.45000000,'2025-02-13'),(135,1.27000000,'2025-02-17'),(135,1.24000000,'2025-02-21'),(135,1.36000000,'2025-02-25'),(135,1.29000000,'2025-03-01'),(135,1.20000000,'2025-03-05'),(135,1.29000000,'2025-03-09'),(135,1.18000000,'2025-03-13'),(135,1.14000000,'2025-03-17'),(135,1.23000000,'2025-03-21'),(135,1.27000000,'2025-03-25'),(135,1.17000000,'2025-03-29'),(135,1.19000000,'2025-04-02'),(135,1.11000000,'2025-04-06'),(135,1.12000000,'2025-04-10'),(135,1.14000000,'2025-04-14'),(135,1.13000000,'2025-04-18'),(135,1.22000000,'2025-04-22'),(135,1.37000000,'2025-04-26'),(135,1.34000000,'2025-04-30'),(135,1.27000000,'2025-05-04'),(135,1.25000000,'2025-05-08'),(135,1.75000000,'2025-05-12'),(135,1.89000000,'2025-05-16'),(135,1.79000000,'2025-05-20'),(135,1.92000000,'2025-05-24'),(135,1.94000000,'2025-05-28'),(135,1.66000000,'2025-06-01'),(135,1.62000000,'2025-06-05'),(135,1.63000000,'2025-06-09'),(135,1.58000000,'2025-06-13'),(135,1.52000000,'2025-06-17'),(135,1.34000000,'2025-06-21'),(135,1.38000000,'2025-06-25'),(135,1.35000000,'2025-06-29'),(135,1.38000000,'2025-07-03'),(135,1.34000000,'2025-07-07'),(135,1.52000000,'2025-07-11'),(135,1.55000000,'2025-07-15'),(135,1.62000000,'2025-07-19'),(135,1.66000000,'2025-07-23'),(135,1.48000000,'2025-07-27'),(135,1.38000000,'2025-07-31'),(135,1.29000000,'2025-08-04'),(135,1.36000000,'2025-08-08'),(135,1.37000000,'2025-08-12'),(135,1.36000000,'2025-08-16'),(135,1.26000000,'2025-08-20');
/*!40000 ALTER TABLE `crypto_historic` ENABLE KEYS */;
UNLOCK TABLES;

--
-- Table structure for table `cryptocoin`
--

DROP TABLE IF EXISTS `cryptocoin`;
/*!40101 SET @saved_cs_client     = @@character_set_client */;
/*!50503 SET character_set_client = utf8mb4 */;
CREATE TABLE `cryptocoin` (
  `ID_CryptoCoin` int NOT NULL AUTO_INCREMENT,
  `id_Coin` varchar(255) DEFAULT NULL,
  `Symbol` varchar(255) DEFAULT NULL,
  `Imagen` varchar(512) DEFAULT NULL,
  PRIMARY KEY (`ID_CryptoCoin`)
) ENGINE=InnoDB AUTO_INCREMENT=136 DEFAULT CHARSET=utf8mb4 COLLATE=utf8mb4_0900_ai_ci;
/*!40101 SET character_set_client = @saved_cs_client */;

--
-- Dumping data for table `cryptocoin`
--

LOCK TABLES `cryptocoin` WRITE;
/*!40000 ALTER TABLE `cryptocoin` DISABLE KEYS */;
INSERT INTO `cryptocoin` VALUES (92,'bitcoin','btc','https://coin-images.coingecko.com/coins/images/1/large/bitcoin.png?1696501400'),(93,'ethereum','eth','https://coin-images.coingecko.com/coins/images/279/large/ethereum.png?1696501628'),(94,'ripple','xrp','https://coin-images.coingecko.com/coins/images/44/large/xrp-symbol-white-128.png?1696501442'),(95,'tether','usdt','https://coin-images.coingecko.com/coins/images/325/large/Tether.png?1696501661'),(96,'binancecoin','bnb','https://coin-images.coingecko.com/coins/images/825/large/bnb-icon2_2x.png?1696501970'),(97,'solana','sol','https://coin-images.coingecko.com/coins/images/4128/large/solana.png?1718769756'),(98,'usd-coin','usdc','https://coin-images.coingecko.com/coins/images/6319/large/usdc.png?1696506694'),(99,'staked-ether','steth','https://coin-images.coingecko.com/coins/images/13442/large/steth_logo.png?1696513206'),(100,'tron','trx','https://coin-images.coingecko.com/coins/images/1094/large/tron-logo.png?1696502193'),(101,'dogecoin','doge','https://coin-images.coingecko.com/coins/images/5/large/dogecoin.png?1696501409'),(102,'cardano','ada','https://coin-images.coingecko.com/coins/images/975/large/cardano.png?1696502090'),(103,'chainlink','link','https://coin-images.coingecko.com/coins/images/877/large/chainlink-new-logo.png?1696502009'),(104,'wrapped-steth','wsteth','https://coin-images.coingecko.com/coins/images/18834/large/wstETH.png?1696518295'),(105,'wrapped-bitcoin','wbtc','https://coin-images.coingecko.com/coins/images/7598/large/wrapped_bitcoin_wbtc.png?1696507857'),(106,'stellar','xlm','https://coin-images.coingecko.com/coins/images/100/large/fmpFRHHQ_400x400.jpg?1735231350'),(107,'sui','sui','https://coin-images.coingecko.com/coins/images/26375/large/sui-ocean-square.png?1727791290'),(108,'bitcoin-cash','bch','https://coin-images.coingecko.com/coins/images/780/large/bitcoin-cash-circle.png?1696501932'),(109,'shiba-inu','shib','https://coin-images.coingecko.com/coins/images/11939/large/shiba.png?1696511800'),(110,'polkadot','dot','https://coin-images.coingecko.com/coins/images/12171/large/polkadot.png?1696512008'),(111,'monero','xmr','https://coin-images.coingecko.com/coins/images/69/large/monero_logo.png?1696501460'),(112,'aave','aave','https://coin-images.coingecko.com/coins/images/12645/large/aave-token-round.png?1720472354'),(113,'mantle','mnt','https://coin-images.coingecko.com/coins/images/30980/large/Mantle-Logo-mark.png?1739213200'),(114,'okb','okb','https://coin-images.coingecko.com/coins/images/4463/large/WeChat_Image_20220118095654.png?1696505053'),(115,'ethereum-classic','etc','https://coin-images.coingecko.com/coins/images/453/large/ethereum-classic-logo.png?1696501717'),(116,'near','near','https://coin-images.coingecko.com/coins/images/10365/large/near.jpg?1696510367'),(117,'aptos','apt','https://coin-images.coingecko.com/coins/images/26455/large/aptos_round.png?1696525528'),(118,'internet-computer','icp','https://coin-images.coingecko.com/coins/images/14495/large/Internet_Computer_logo.png?1696514180'),(119,'arbitrum','arb','https://coin-images.coingecko.com/coins/images/16547/large/arb.jpg?1721358242'),(120,'algorand','algo','https://coin-images.coingecko.com/coins/images/4380/large/download.png?1696504978'),(121,'cosmos','atom','https://coin-images.coingecko.com/coins/images/1481/large/cosmos_hub.png?1696502525'),(122,'vechain','vet','https://coin-images.coingecko.com/coins/images/1167/large/VET.png?1742383283'),(123,'render-token','render','https://coin-images.coingecko.com/coins/images/11636/large/rndr.png?1696511529'),(124,'bonk','bonk','https://coin-images.coingecko.com/coins/images/28600/large/bonk.jpg?1696527587'),(125,'filecoin','fil','https://coin-images.coingecko.com/coins/images/12817/large/filecoin.png?1696512609'),(126,'celestia','tia','https://coin-images.coingecko.com/coins/images/31967/large/tia.jpg?1696530772'),(127,'optimism','op','https://coin-images.coingecko.com/coins/images/25244/large/Optimism.png?1696524385'),(128,'first-digital-usd','fdusd','https://coin-images.coingecko.com/coins/images/31079/large/FDUSD_icon_black.png?1731097953'),(129,'lido-dao','ldo','https://coin-images.coingecko.com/coins/images/13573/large/Lido_DAO.png?1696513326'),(130,'the-graph','grt','https://coin-images.coingecko.com/coins/images/13397/large/Graph_Token.png?1696513159'),(131,'thorchain','rune','https://coin-images.coingecko.com/coins/images/6595/large/Rune200x200.png?1696506946'),(132,'arweave','ar','https://coin-images.coingecko.com/coins/images/4343/large/oRt6SiEN_400x400.jpg?1696504946'),(133,'quant','quant','https://coin-images.coingecko.com/coins/images/50846/large/Screenshot_2024-10-10_at_00.56.27.png?1729298694'),(134,'immutable','dara','https://coin-images.coingecko.com/coins/images/17640/large/darav2.png?1696517171'),(135,'maker','mkr','https://coin-images.coingecko.com/coins/images/1364/large/Mark_Maker.png?1696502423');
/*!40000 ALTER TABLE `cryptocoin` ENABLE KEYS */;
UNLOCK TABLES;

--
-- Table structure for table `users`
--

DROP TABLE IF EXISTS `users`;
/*!40101 SET @saved_cs_client     = @@character_set_client */;
/*!50503 SET character_set_client = utf8mb4 */;
CREATE TABLE `users` (
  `ID_Users` int NOT NULL AUTO_INCREMENT,
  `FullName` varchar(255) DEFAULT NULL,
  `Email` varchar(255) DEFAULT NULL,
  `PassHash` varchar(512) DEFAULT NULL,
  PRIMARY KEY (`ID_Users`)
) ENGINE=InnoDB AUTO_INCREMENT=4 DEFAULT CHARSET=utf8mb4 COLLATE=utf8mb4_0900_ai_ci;
/*!40101 SET character_set_client = @saved_cs_client */;

--
-- Dumping data for table `users`
--

LOCK TABLES `users` WRITE;
/*!40000 ALTER TABLE `users` DISABLE KEYS */;
INSERT INTO `users` VALUES (3,'Jess Rafael Kitl Hernndez','rafakitlhdez@gmail.com','Contrasena');
/*!40000 ALTER TABLE `users` ENABLE KEYS */;
UNLOCK TABLES;

--
-- Table structure for table `users_cryptocoin`
--

DROP TABLE IF EXISTS `users_cryptocoin`;
/*!40101 SET @saved_cs_client     = @@character_set_client */;
/*!50503 SET character_set_client = utf8mb4 */;
CREATE TABLE `users_cryptocoin` (
  `ID_Users_CryptoCoin` int NOT NULL AUTO_INCREMENT,
  `id_Users` int DEFAULT NULL,
  `id_CryptoCoin` int DEFAULT NULL,
  `Invested` decimal(18,8) DEFAULT NULL,
  `Previous_Quotation` decimal(18,8) DEFAULT NULL,
  `Purchase_Date` date DEFAULT NULL,
  PRIMARY KEY (`ID_Users_CryptoCoin`),
  KEY `id_Users` (`id_Users`),
  KEY `id_CryptoCoin` (`id_CryptoCoin`),
  CONSTRAINT `users_cryptocoin_ibfk_1` FOREIGN KEY (`id_Users`) REFERENCES `users` (`ID_Users`),
  CONSTRAINT `users_cryptocoin_ibfk_2` FOREIGN KEY (`id_CryptoCoin`) REFERENCES `cryptocoin` (`ID_CryptoCoin`)
) ENGINE=InnoDB AUTO_INCREMENT=19 DEFAULT CHARSET=utf8mb4 COLLATE=utf8mb4_0900_ai_ci;
/*!40101 SET character_set_client = @saved_cs_client */;

--
-- Dumping data for table `users_cryptocoin`
--

LOCK TABLES `users_cryptocoin` WRITE;
/*!40000 ALTER TABLE `users_cryptocoin` DISABLE KEYS */;
INSERT INTO `users_cryptocoin` VALUES (18,3,98,47350.33000000,0.99985400,'2025-03-01');
/*!40000 ALTER TABLE `users_cryptocoin` ENABLE KEYS */;
UNLOCK TABLES;

--
-- Dumping routines for database 'crypto_portfolio'
--
/*!50003 DROP PROCEDURE IF EXISTS `AmountPurchased` */;
/*!50003 SET @saved_cs_client      = @@character_set_client */ ;
/*!50003 SET @saved_cs_results     = @@character_set_results */ ;
/*!50003 SET @saved_col_connection = @@collation_connection */ ;
/*!50003 SET character_set_client  = utf8mb4 */ ;
/*!50003 SET character_set_results = utf8mb4 */ ;
/*!50003 SET collation_connection  = utf8mb4_0900_ai_ci */ ;
/*!50003 SET @saved_sql_mode       = @@sql_mode */ ;
/*!50003 SET sql_mode              = 'ONLY_FULL_GROUP_BY,STRICT_TRANS_TABLES,NO_ZERO_IN_DATE,NO_ZERO_DATE,ERROR_FOR_DIVISION_BY_ZERO,NO_ENGINE_SUBSTITUTION' */ ;
DELIMITER ;;
CREATE DEFINER=`root`@`localhost` PROCEDURE `AmountPurchased`(IN Usuario VARCHAR(255), IN id_coinP VARCHAR(255), IN Print BOOL, OUT AmountPurchased DECIMAL(18,8))
BEGIN
		SET AmountPurchased = (SELECT Invested/Previous_Quotation AS AmountPurchased
								FROM users_cryptocoin
								WHERE id_CryptoCoin = (SELECT ID_CryptoCoin
																		FROM CryptoCoin
																		WHERE id_Coin = id_coinP
																		LIMIT 1));
		IF Print THEN
			SELECT AmountPurchased;
		END IF;
	END ;;
DELIMITER ;
/*!50003 SET sql_mode              = @saved_sql_mode */ ;
/*!50003 SET character_set_client  = @saved_cs_client */ ;
/*!50003 SET character_set_results = @saved_cs_results */ ;
/*!50003 SET collation_connection  = @saved_col_connection */ ;
/*!50003 DROP PROCEDURE IF EXISTS `Change24` */;
/*!50003 SET @saved_cs_client      = @@character_set_client */ ;
/*!50003 SET @saved_cs_results     = @@character_set_results */ ;
/*!50003 SET @saved_col_connection = @@collation_connection */ ;
/*!50003 SET character_set_client  = utf8mb4 */ ;
/*!50003 SET character_set_results = utf8mb4 */ ;
/*!50003 SET collation_connection  = utf8mb4_0900_ai_ci */ ;
/*!50003 SET @saved_sql_mode       = @@sql_mode */ ;
/*!50003 SET sql_mode              = 'ONLY_FULL_GROUP_BY,STRICT_TRANS_TABLES,NO_ZERO_IN_DATE,NO_ZERO_DATE,ERROR_FOR_DIVISION_BY_ZERO,NO_ENGINE_SUBSTITUTION' */ ;
DELIMITER ;;
CREATE DEFINER=`root`@`localhost` PROCEDURE `Change24`(IN Usuario VARCHAR(255), IN id_coinP VARCHAR(255), IN Print BOOL, OUT Change24 VARCHAR(255))
BEGIN
		 #concat (Price change percentage 24h (API)) %
         
        #Calcular el procentaje de cambio en 24 horas al checar el ultimo y penultimo precio en la columna 
        #ClosePrice en la tabla crypto_historic en base a la moneda de id_coin y la columna id_CryptoCoin

        DECLARE ID_Moneda VARCHAR(255);
        SET ID_Moneda = (SELECT ID_CryptoCoin FROM cryptocoin WHERE id_coin = id_coinP);
        SELECT 
            CONCAT(
                ROUND((
                    (SELECT ClosePrice FROM crypto_historic WHERE id_CryptoCoin = ID_Moneda ORDER BY DateHistoric DESC LIMIT 1) -
                    (SELECT ClosePrice FROM crypto_historic WHERE id_CryptoCoin = ID_Moneda ORDER BY DateHistoric DESC LIMIT 1, 1)
                ) / 
                (SELECT ClosePrice FROM crypto_historic WHERE id_CryptoCoin = ID_Moneda ORDER BY DateHistoric DESC LIMIT 1) * 100, 
                8
            ), '%') INTO Change24;

        IF Print THEN
            SELECT Change24;
        END IF;

    END ;;
DELIMITER ;
/*!50003 SET sql_mode              = @saved_sql_mode */ ;
/*!50003 SET character_set_client  = @saved_cs_client */ ;
/*!50003 SET character_set_results = @saved_cs_results */ ;
/*!50003 SET collation_connection  = @saved_col_connection */ ;
/*!50003 DROP PROCEDURE IF EXISTS `DailyReturn` */;
/*!50003 SET @saved_cs_client      = @@character_set_client */ ;
/*!50003 SET @saved_cs_results     = @@character_set_results */ ;
/*!50003 SET @saved_col_connection = @@collation_connection */ ;
/*!50003 SET character_set_client  = utf8mb4 */ ;
/*!50003 SET character_set_results = utf8mb4 */ ;
/*!50003 SET collation_connection  = utf8mb4_0900_ai_ci */ ;
/*!50003 SET @saved_sql_mode       = @@sql_mode */ ;
/*!50003 SET sql_mode              = 'ONLY_FULL_GROUP_BY,STRICT_TRANS_TABLES,NO_ZERO_IN_DATE,NO_ZERO_DATE,ERROR_FOR_DIVISION_BY_ZERO,NO_ENGINE_SUBSTITUTION' */ ;
DELIMITER ;;
CREATE DEFINER=`root`@`localhost` PROCEDURE `DailyReturn`(IN Usuario VARCHAR(255), IN id_coinP VARCHAR(255), IN Print BOOL, OUT DailyReturn VARCHAR(255))
BEGIN
		 #ROI / (valuation date  purchased date)

         DECLARE ValuationDate DATE; 
         DECLARE PurchasedDate DATE;
		 DECLARE ROI DECIMAL(10,8);
         SET ValuationDate = (SELECT MAX(DateHistoric) 
                                        FROM crypto_historic 
                                        WHERE id_CryptoCoin = (SELECT ID_CryptoCoin 
                                                                FROM cryptocoin 
                                                                WHERE id_Coin = id_coinP));
         SET PurchasedDate = (SELECT Purchase_Date 
                                        FROM users_cryptocoin 
                                        WHERE id_Users = (SELECT ID_Users
                                                        FROM users
                                                        WHERE Email = Usuario)
                                        AND id_CryptoCoin = (SELECT ID_CryptoCoin 
                                                             FROM cryptocoin 
                                                             WHERE id_Coin = id_coinP));
        CALL ROI(Usuario, id_coinP, FALSE, ROI);
        SET DailyReturn = ROI/(DATEDIFF(ValuationDate, PurchasedDate));
       

        IF Print THEN
            SELECT DailyReturn;
        END IF;
    END ;;
DELIMITER ;
/*!50003 SET sql_mode              = @saved_sql_mode */ ;
/*!50003 SET character_set_client  = @saved_cs_client */ ;
/*!50003 SET character_set_results = @saved_cs_results */ ;
/*!50003 SET collation_connection  = @saved_col_connection */ ;
/*!50003 DROP PROCEDURE IF EXISTS `EliminarUsuario` */;
/*!50003 SET @saved_cs_client      = @@character_set_client */ ;
/*!50003 SET @saved_cs_results     = @@character_set_results */ ;
/*!50003 SET @saved_col_connection = @@collation_connection */ ;
/*!50003 SET character_set_client  = utf8mb4 */ ;
/*!50003 SET character_set_results = utf8mb4 */ ;
/*!50003 SET collation_connection  = utf8mb4_0900_ai_ci */ ;
/*!50003 SET @saved_sql_mode       = @@sql_mode */ ;
/*!50003 SET sql_mode              = 'ONLY_FULL_GROUP_BY,STRICT_TRANS_TABLES,NO_ZERO_IN_DATE,NO_ZERO_DATE,ERROR_FOR_DIVISION_BY_ZERO,NO_ENGINE_SUBSTITUTION' */ ;
DELIMITER ;;
CREATE DEFINER=`root`@`localhost` PROCEDURE `EliminarUsuario`(IN Correo VARCHAR(255))
BEGIN
    DECLARE UsuarioID INT;

    SELECT ID_Users INTO UsuarioID FROM users WHERE Email = Correo;

    IF UsuarioID IS NOT NULL THEN
        DELETE FROM users WHERE ID_Users = UsuarioID;
        SELECT 'Usuario eliminado correctamente.' AS mensaje;
    ELSE
        SELECT 'No se encontr un usuario con ese correo electrnico.' AS mensaje;
    END IF;
END ;;
DELIMITER ;
/*!50003 SET sql_mode              = @saved_sql_mode */ ;
/*!50003 SET character_set_client  = @saved_cs_client */ ;
/*!50003 SET character_set_results = @saved_cs_results */ ;
/*!50003 SET collation_connection  = @saved_col_connection */ ;
/*!50003 DROP PROCEDURE IF EXISTS `ElimnarMoneda` */;
/*!50003 SET @saved_cs_client      = @@character_set_client */ ;
/*!50003 SET @saved_cs_results     = @@character_set_results */ ;
/*!50003 SET @saved_col_connection = @@collation_connection */ ;
/*!50003 SET character_set_client  = utf8mb4 */ ;
/*!50003 SET character_set_results = utf8mb4 */ ;
/*!50003 SET collation_connection  = utf8mb4_0900_ai_ci */ ;
/*!50003 SET @saved_sql_mode       = @@sql_mode */ ;
/*!50003 SET sql_mode              = 'ONLY_FULL_GROUP_BY,STRICT_TRANS_TABLES,NO_ZERO_IN_DATE,NO_ZERO_DATE,ERROR_FOR_DIVISION_BY_ZERO,NO_ENGINE_SUBSTITUTION' */ ;
DELIMITER ;;
CREATE DEFINER=`root`@`localhost` PROCEDURE `ElimnarMoneda`(IN Usuario VARCHAR(255), IN id_coinP varchar(255))
BEGIN 
    DELETE FROM users_cryptocoin
    WHERE id_Users = (SELECT ID_Users FROM users WHERE Email = Usuario LIMIT 1)
    AND id_CryptoCoin = (SELECT ID_CryptoCoin FROM cryptocoin WHERE id_Coin = id_coinP LIMIT 1);

END ;;
DELIMITER ;
/*!50003 SET sql_mode              = @saved_sql_mode */ ;
/*!50003 SET character_set_client  = @saved_cs_client */ ;
/*!50003 SET character_set_results = @saved_cs_results */ ;
/*!50003 SET collation_connection  = @saved_col_connection */ ;
/*!50003 DROP PROCEDURE IF EXISTS `InsertarNuevaMoneda` */;
/*!50003 SET @saved_cs_client      = @@character_set_client */ ;
/*!50003 SET @saved_cs_results     = @@character_set_results */ ;
/*!50003 SET @saved_col_connection = @@collation_connection */ ;
/*!50003 SET character_set_client  = utf8mb4 */ ;
/*!50003 SET character_set_results = utf8mb4 */ ;
/*!50003 SET collation_connection  = utf8mb4_0900_ai_ci */ ;
/*!50003 SET @saved_sql_mode       = @@sql_mode */ ;
/*!50003 SET sql_mode              = 'ONLY_FULL_GROUP_BY,STRICT_TRANS_TABLES,NO_ZERO_IN_DATE,NO_ZERO_DATE,ERROR_FOR_DIVISION_BY_ZERO,NO_ENGINE_SUBSTITUTION' */ ;
DELIMITER ;;
CREATE DEFINER=`root`@`localhost` PROCEDURE `InsertarNuevaMoneda`(IN Usuario varchar(255), IN id_coinP varchar(255), IN cantidadAComprar DECIMAL(18,8))
BEGIN
        IF NOT EXISTS (SELECT * FROM users WHERE Email = Usuario) THEN
            SIGNAL SQLSTATE '45000' SET MESSAGE_TEXT = 'Usuario no encontrado';
        END IF;

        IF NOT EXISTS (SELECT * FROM cryptocoin WHERE id_Coin = id_coinP) THEN
            SIGNAL SQLSTATE '45000' SET MESSAGE_TEXT = 'Moneda no encontrada';
        END IF;

        IF cantidadAComprar <= 0 THEN
            SIGNAL SQLSTATE '45000' SET MESSAGE_TEXT = 'Cantidad a comprar debe ser mayor que cero';
        END IF;
        
		INSERT INTO users_cryptocoin(
			id_Users,
            id_CryptoCoin,
            Invested,
            Previous_Quotation,
            Purchase_Date
		)VALUES(
			(SELECT ID_Users FROM users WHERE Email = Usuario LIMIT 1),
            (SELECT ID_CryptoCoin FROM cryptocoin WHERE id_Coin = id_coinP LIMIT 1),
            cantidadAComprar,
            (SELECT ClosePrice FROM crypto_historic WHERE id_CryptoCoin = (SELECT ID_CryptoCoin FROM cryptocoin WHERE id_Coin = id_coinP LIMIT 1) AND DateHistoric = '2025-03-01' LIMIT 1),
            (SELECT DateHistoric FROM crypto_historic WHERE id_CryptoCoin = (SELECT ID_CryptoCoin FROM cryptocoin WHERE id_Coin = id_coinP LIMIT 1) AND DateHistoric = '2025-03-01' LIMIT 1)
            );
    END ;;
DELIMITER ;
/*!50003 SET sql_mode              = @saved_sql_mode */ ;
/*!50003 SET character_set_client  = @saved_cs_client */ ;
/*!50003 SET character_set_results = @saved_cs_results */ ;
/*!50003 SET collation_connection  = @saved_col_connection */ ;
/*!50003 DROP PROCEDURE IF EXISTS `InsertarUsuario` */;
/*!50003 SET @saved_cs_client      = @@character_set_client */ ;
/*!50003 SET @saved_cs_results     = @@character_set_results */ ;
/*!50003 SET @saved_col_connection = @@collation_connection */ ;
/*!50003 SET character_set_client  = utf8mb4 */ ;
/*!50003 SET character_set_results = utf8mb4 */ ;
/*!50003 SET collation_connection  = utf8mb4_0900_ai_ci */ ;
/*!50003 SET @saved_sql_mode       = @@sql_mode */ ;
/*!50003 SET sql_mode              = 'ONLY_FULL_GROUP_BY,STRICT_TRANS_TABLES,NO_ZERO_IN_DATE,NO_ZERO_DATE,ERROR_FOR_DIVISION_BY_ZERO,NO_ENGINE_SUBSTITUTION' */ ;
DELIMITER ;;
CREATE DEFINER=`root`@`localhost` PROCEDURE `InsertarUsuario`(
    IN Correo VARCHAR(255),
    IN NombreCompleto VARCHAR(255),
    IN Contrasena VARCHAR(255)
)
BEGIN
    DECLARE UsuarioExistente INT;

    SELECT COUNT(*) INTO UsuarioExistente
    FROM users
    WHERE Email = Correo;

    IF UsuarioExistente > 0 THEN
        SIGNAL SQLSTATE '45000'
            SET MESSAGE_TEXT = 'El usuario ya existe.';
    ELSE
        INSERT INTO users (Email, FullName, PassHash)
        VALUES (Correo, NombreCompleto, Contrasena);
    END IF;
END ;;
DELIMITER ;
/*!50003 SET sql_mode              = @saved_sql_mode */ ;
/*!50003 SET character_set_client  = @saved_cs_client */ ;
/*!50003 SET character_set_results = @saved_cs_results */ ;
/*!50003 SET collation_connection  = @saved_col_connection */ ;
/*!50003 DROP PROCEDURE IF EXISTS `InsertCryptoCoin` */;
/*!50003 SET @saved_cs_client      = @@character_set_client */ ;
/*!50003 SET @saved_cs_results     = @@character_set_results */ ;
/*!50003 SET @saved_col_connection = @@collation_connection */ ;
/*!50003 SET character_set_client  = utf8mb4 */ ;
/*!50003 SET character_set_results = utf8mb4 */ ;
/*!50003 SET collation_connection  = utf8mb4_0900_ai_ci */ ;
/*!50003 SET @saved_sql_mode       = @@sql_mode */ ;
/*!50003 SET sql_mode              = 'ONLY_FULL_GROUP_BY,STRICT_TRANS_TABLES,NO_ZERO_IN_DATE,NO_ZERO_DATE,ERROR_FOR_DIVISION_BY_ZERO,NO_ENGINE_SUBSTITUTION' */ ;
DELIMITER ;;
CREATE DEFINER=`root`@`localhost` PROCEDURE `InsertCryptoCoin`(IN id_coin varchar(255), IN symbol varchar(255), IN Imagen varchar(512))
BEGIN
        INSERT INTO cryptocoin (id_coin, Symbol, Imagen)
        VALUES (id_coin, symbol, Imagen);
    END ;;
DELIMITER ;
/*!50003 SET sql_mode              = @saved_sql_mode */ ;
/*!50003 SET character_set_client  = @saved_cs_client */ ;
/*!50003 SET character_set_results = @saved_cs_results */ ;
/*!50003 SET collation_connection  = @saved_col_connection */ ;
/*!50003 DROP PROCEDURE IF EXISTS `Investment` */;
/*!50003 SET @saved_cs_client      = @@character_set_client */ ;
/*!50003 SET @saved_cs_results     = @@character_set_results */ ;
/*!50003 SET @saved_col_connection = @@collation_connection */ ;
/*!50003 SET character_set_client  = utf8mb4 */ ;
/*!50003 SET character_set_results = utf8mb4 */ ;
/*!50003 SET collation_connection  = utf8mb4_0900_ai_ci */ ;
/*!50003 SET @saved_sql_mode       = @@sql_mode */ ;
/*!50003 SET sql_mode              = 'ONLY_FULL_GROUP_BY,STRICT_TRANS_TABLES,NO_ZERO_IN_DATE,NO_ZERO_DATE,ERROR_FOR_DIVISION_BY_ZERO,NO_ENGINE_SUBSTITUTION' */ ;
DELIMITER ;;
CREATE DEFINER=`root`@`localhost` PROCEDURE `Investment`(IN Usuario VARCHAR(255), IN Print BOOL, OUT Investment DECIMAL(18, 8))
BEGIN

		SET Investment = (SELECT
							SUM(Invested) AS Investment
						FROM users_cryptocoin
						WHERE id_Users = (SELECT ID_Users 
											FROM users
											WHERE Email = Usuario
											LIMIT 1));
		IF Print THEN
			SELECT Investment;
		END IF;
	END ;;
DELIMITER ;
/*!50003 SET sql_mode              = @saved_sql_mode */ ;
/*!50003 SET character_set_client  = @saved_cs_client */ ;
/*!50003 SET character_set_results = @saved_cs_results */ ;
/*!50003 SET collation_connection  = @saved_col_connection */ ;
/*!50003 DROP PROCEDURE IF EXISTS `ListaMonedasDispoibles` */;
/*!50003 SET @saved_cs_client      = @@character_set_client */ ;
/*!50003 SET @saved_cs_results     = @@character_set_results */ ;
/*!50003 SET @saved_col_connection = @@collation_connection */ ;
/*!50003 SET character_set_client  = utf8mb4 */ ;
/*!50003 SET character_set_results = utf8mb4 */ ;
/*!50003 SET collation_connection  = utf8mb4_0900_ai_ci */ ;
/*!50003 SET @saved_sql_mode       = @@sql_mode */ ;
/*!50003 SET sql_mode              = 'ONLY_FULL_GROUP_BY,STRICT_TRANS_TABLES,NO_ZERO_IN_DATE,NO_ZERO_DATE,ERROR_FOR_DIVISION_BY_ZERO,NO_ENGINE_SUBSTITUTION' */ ;
DELIMITER ;;
CREATE DEFINER=`root`@`localhost` PROCEDURE `ListaMonedasDispoibles`()
BEGIN
    SELECT DISTINCT
        id_Coin
    FROM cryptocoin;
END ;;
DELIMITER ;
/*!50003 SET sql_mode              = @saved_sql_mode */ ;
/*!50003 SET character_set_client  = @saved_cs_client */ ;
/*!50003 SET character_set_results = @saved_cs_results */ ;
/*!50003 SET collation_connection  = @saved_col_connection */ ;
/*!50003 DROP PROCEDURE IF EXISTS `ObtenerDatosUsuario` */;
/*!50003 SET @saved_cs_client      = @@character_set_client */ ;
/*!50003 SET @saved_cs_results     = @@character_set_results */ ;
/*!50003 SET @saved_col_connection = @@collation_connection */ ;
/*!50003 SET character_set_client  = utf8mb4 */ ;
/*!50003 SET character_set_results = utf8mb4 */ ;
/*!50003 SET collation_connection  = utf8mb4_0900_ai_ci */ ;
/*!50003 SET @saved_sql_mode       = @@sql_mode */ ;
/*!50003 SET sql_mode              = 'ONLY_FULL_GROUP_BY,STRICT_TRANS_TABLES,NO_ZERO_IN_DATE,NO_ZERO_DATE,ERROR_FOR_DIVISION_BY_ZERO,NO_ENGINE_SUBSTITUTION' */ ;
DELIMITER ;;
CREATE DEFINER=`root`@`localhost` PROCEDURE `ObtenerDatosUsuario`(IN Correo VARCHAR(255))
BEGIN
    DECLARE UsuarioID INT;

    SELECT ID_Users INTO UsuarioID FROM users WHERE Email = Correo;

    IF UsuarioID IS NOT NULL THEN
        SELECT * FROM users WHERE ID_Users = UsuarioID;
    ELSE
        SELECT 'No se encontr un usuario con ese correo electrnico.' AS mensaje;
    END IF;
END ;;
DELIMITER ;
/*!50003 SET sql_mode              = @saved_sql_mode */ ;
/*!50003 SET character_set_client  = @saved_cs_client */ ;
/*!50003 SET character_set_results = @saved_cs_results */ ;
/*!50003 SET collation_connection  = @saved_col_connection */ ;
/*!50003 DROP PROCEDURE IF EXISTS `Ponderacion` */;
/*!50003 SET @saved_cs_client      = @@character_set_client */ ;
/*!50003 SET @saved_cs_results     = @@character_set_results */ ;
/*!50003 SET @saved_col_connection = @@collation_connection */ ;
/*!50003 SET character_set_client  = utf8mb4 */ ;
/*!50003 SET character_set_results = utf8mb4 */ ;
/*!50003 SET collation_connection  = utf8mb4_0900_ai_ci */ ;
/*!50003 SET @saved_sql_mode       = @@sql_mode */ ;
/*!50003 SET sql_mode              = 'ONLY_FULL_GROUP_BY,STRICT_TRANS_TABLES,NO_ZERO_IN_DATE,NO_ZERO_DATE,ERROR_FOR_DIVISION_BY_ZERO,NO_ENGINE_SUBSTITUTION' */ ;
DELIMITER ;;
CREATE DEFINER=`root`@`localhost` PROCEDURE `Ponderacion`(IN Usuario VARCHAR(255), IN id_coinP VARCHAR(255), IN Print BOOL, OUT Ponderacion VARCHAR(255))
BEGIN

		SET Ponderacion = (SELECT 
								CONCAT(((SELECT Invested 
										FROM users_cryptocoin 
										WHERE id_CryptoCoin = (SELECT ID_CryptoCoin
																FROM CryptoCoin
																WHERE id_Coin = id_coinP
																LIMIT 1))*100)/SUM(Invested), '%') AS Ponderacion
							FROM users_cryptocoin);
		
		IF Print THEN
			SELECT Ponderacion;
		END IF;
	END ;;
DELIMITER ;
/*!50003 SET sql_mode              = @saved_sql_mode */ ;
/*!50003 SET character_set_client  = @saved_cs_client */ ;
/*!50003 SET character_set_results = @saved_cs_results */ ;
/*!50003 SET collation_connection  = @saved_col_connection */ ;
/*!50003 DROP PROCEDURE IF EXISTS `Portafolio` */;
/*!50003 SET @saved_cs_client      = @@character_set_client */ ;
/*!50003 SET @saved_cs_results     = @@character_set_results */ ;
/*!50003 SET @saved_col_connection = @@collation_connection */ ;
/*!50003 SET character_set_client  = utf8mb4 */ ;
/*!50003 SET character_set_results = utf8mb4 */ ;
/*!50003 SET collation_connection  = utf8mb4_0900_ai_ci */ ;
/*!50003 SET @saved_sql_mode       = @@sql_mode */ ;
/*!50003 SET sql_mode              = 'ONLY_FULL_GROUP_BY,STRICT_TRANS_TABLES,NO_ZERO_IN_DATE,NO_ZERO_DATE,ERROR_FOR_DIVISION_BY_ZERO,NO_ENGINE_SUBSTITUTION' */ ;
DELIMITER ;;
CREATE DEFINER=`root`@`localhost` PROCEDURE `Portafolio`(IN Usuario VARCHAR(255))
BEGIN
	DECLARE Monedas INT;
    DECLARE Currency1 varchar(255);
    DECLARE Symbol varchar(255);
    DECLARE AmountPurchased DECIMAL(18,8);
    DECLARE Ponderaciones VARCHAR(255);
    DECLARE PreviousQuotation DECIMAL(18,8);
    DECLARE TotalInvested DECIMAL(18,8);
    DECLARE PortafolioCurrentValue DECIMAL(18,8);
    DECLARE ProfitLoss DECIMAL(18,8);
    DECLARE ROI DECIMAL(18,8);
    DECLARE Change24 VARCHAR(255);
    DECLARE CurrentPrice DECIMAL(18,8);
    DECLARE DailyReturn DECIMAL(18,8);
    DECLARE ID_Usuario INT;
    DECLARE Contador INT;
    
    SET ID_Usuario = (SELECT ID_Users 
					  FROM users 
					  WHERE Email = Usuario);
    
    DROP TEMPORARY TABLE IF EXISTS MonedasLista;
    CREATE TEMPORARY TABLE IF NOT EXISTS MonedasLista(
        ID INT AUTO_INCREMENT PRIMARY KEY,
        id_Coin VARCHAR(255)
    ); 

    DROP TEMPORARY TABLE IF EXISTS Portafolio;
    CREATE TEMPORARY TABLE Portafolio(
    NUMERO INT,
    CURRENCY VARCHAR(255),
    SYMBOL VARCHAR(255),
    AMOUNT_PURCHASED DECIMAL(18,8),
    PONDERACIONES VARCHAR(255),
    PREVIOUS_QUOTATION DECIMAL(18,8),
    TOTAL_INVESTED DECIMAL(18,8),
    PORTAFOLIO_CURRENT_VALUE DECIMAL(18,8),
    PROFIT_LOSS DECIMAL(18,8),
    ROI DECIMAL(18,8),
    CHANGE_24 VARCHAR(255),
    CURRENT_PRICE DECIMAL(18,8),
    DAILY_RETURN DECIMAL(18,8)
	);

    SET Contador = 1;

    
    SET Monedas = (SELECT COUNT(*) 
					FROM users_cryptocoin 
					WHERE id_Users = ID_Usuario);


    INSERT INTO MonedasLista(id_Coin)
    SELECT c.id_Coin
    FROM users_cryptocoin uc
    JOIN cryptocoin c ON uc.id_CryptoCoin = c.ID_CryptoCoin
    WHERE id_Users = ID_Usuario;


    WHILE Contador <= Monedas DO
        SET Currency1 = (SELECT id_Coin
                        FROM MonedasLista 
                        WHERE ID = Contador);
        SET Symbol = (SELECT Symbol
                        FROM cryptocoin 
                        WHERE id_Coin = Currency1);
        CALL AmountPurchased(Usuario, Currency1, FALSE, AmountPurchased);
        CALL Ponderacion(Usuario, Currency1, FALSE, Ponderaciones);

        SET PreviousQuotation = (SELECT Previous_Quotation
                                FROM users_cryptocoin 
                                WHERE id_Users = ID_Usuario
                                AND id_CryptoCoin = (SELECT ID_CryptoCoin
													FROM cryptocoin 
													WHERE id_Coin = Currency1));
        SET TotalInvested = (SELECT Invested
                                FROM users_cryptocoin 
                                WHERE id_Users = ID_Usuario
                                AND id_CryptoCoin = (SELECT ID_CryptoCoin
													FROM cryptocoin 
													WHERE id_Coin = Currency1));
        CALL PortfolioCurrentValue(Usuario, Currency1, FALSE, PortafolioCurrentValue);
        CALL ProfitLoss(Usuario, Currency1, FALSE, ProfitLoss);
        CALL ROI(Usuario, Currency1, FALSE, ROI);
        CALL Change24(Usuario, Currency1, FALSE, Change24);
        SET CurrentPrice = (SELECT ClosePrice
                            FROM Crypto_historic
                            WHERE id_CryptoCoin = (SELECT ID_CryptoCoin
													FROM cryptocoin 
													WHERE id_Coin = Currency1) 
                            ORDER BY DateHistoric DESC
                            LIMIT 1);
        CALL DailyReturn(Usuario, Currency1, FALSE, DailyReturn);
        INSERT INTO Portafolio
        VALUES(
            Contador,
            Currency1,
            Symbol,
            AmountPurchased,
            Ponderaciones,
            PreviousQuotation,
            TotalInvested,
            PortafolioCurrentValue,
            ProfitLoss,
            ROI,
            Change24,
            CurrentPrice,
            DailyReturn
        );
        SET Contador = Contador + 1;
    END WHILE;
    SELECT * FROM Portafolio;
END ;;
DELIMITER ;
/*!50003 SET sql_mode              = @saved_sql_mode */ ;
/*!50003 SET character_set_client  = @saved_cs_client */ ;
/*!50003 SET character_set_results = @saved_cs_results */ ;
/*!50003 SET collation_connection  = @saved_col_connection */ ;
/*!50003 DROP PROCEDURE IF EXISTS `PortfolioCurrentValue` */;
/*!50003 SET @saved_cs_client      = @@character_set_client */ ;
/*!50003 SET @saved_cs_results     = @@character_set_results */ ;
/*!50003 SET @saved_col_connection = @@collation_connection */ ;
/*!50003 SET character_set_client  = utf8mb4 */ ;
/*!50003 SET character_set_results = utf8mb4 */ ;
/*!50003 SET collation_connection  = utf8mb4_0900_ai_ci */ ;
/*!50003 SET @saved_sql_mode       = @@sql_mode */ ;
/*!50003 SET sql_mode              = 'ONLY_FULL_GROUP_BY,STRICT_TRANS_TABLES,NO_ZERO_IN_DATE,NO_ZERO_DATE,ERROR_FOR_DIVISION_BY_ZERO,NO_ENGINE_SUBSTITUTION' */ ;
DELIMITER ;;
CREATE DEFINER=`root`@`localhost` PROCEDURE `PortfolioCurrentValue`(IN Usuario VARCHAR(255), IN id_coinP VARCHAR(255), IN Print BOOL, OUT PortfolioCurrentValue DECIMAL(18,8))
BEGIN
		#Amount purchased * CurrentPrice
        DECLARE PrecioActual DECIMAL(18,8);
        DECLARE CantidadComprada DECIMAL(18,8);
        CALL AmountPurchased(Usuario, id_coinP, FALSE, CantidadComprada);
		SET PrecioActual = (SELECT
								ClosePrice
							FROM 
								crypto_historic
							WHERE id_CryptoCoin = (SELECT ID_CryptoCoin 
													FROM cryptocoin
													WHERE id_Coin = id_coinP
													LIMIT 1)
							ORDER BY DateHistoric DESC
							LIMIT 1);
		SET PortfolioCurrentValue =  PrecioActual * CantidadComprada;
		IF Print THEN
			SELECT PortfolioCurrentValue;
		END IF;
    END ;;
DELIMITER ;
/*!50003 SET sql_mode              = @saved_sql_mode */ ;
/*!50003 SET character_set_client  = @saved_cs_client */ ;
/*!50003 SET character_set_results = @saved_cs_results */ ;
/*!50003 SET collation_connection  = @saved_col_connection */ ;
/*!50003 DROP PROCEDURE IF EXISTS `ProfitLoss` */;
/*!50003 SET @saved_cs_client      = @@character_set_client */ ;
/*!50003 SET @saved_cs_results     = @@character_set_results */ ;
/*!50003 SET @saved_col_connection = @@collation_connection */ ;
/*!50003 SET character_set_client  = utf8mb4 */ ;
/*!50003 SET character_set_results = utf8mb4 */ ;
/*!50003 SET collation_connection  = utf8mb4_0900_ai_ci */ ;
/*!50003 SET @saved_sql_mode       = @@sql_mode */ ;
/*!50003 SET sql_mode              = 'ONLY_FULL_GROUP_BY,STRICT_TRANS_TABLES,NO_ZERO_IN_DATE,NO_ZERO_DATE,ERROR_FOR_DIVISION_BY_ZERO,NO_ENGINE_SUBSTITUTION' */ ;
DELIMITER ;;
CREATE DEFINER=`root`@`localhost` PROCEDURE `ProfitLoss`(IN Usuario VARCHAR(255), IN id_coinP VARCHAR(255), IN Print BOOL, OUT ProfitLoss DECIMAL(18,8))
BEGIN
		#Current value - TotalInvested
        DECLARE ValorActual DECIMAL(18,8);
        DECLARE TotalInvested DECIMAL(18,8);
        
        CALL PortfolioCurrentValue(Usuario, id_coinP, FALSE, ValorActual);
                            
		SET TotalInvested = (SELECT
									Invested
								FROM users_cryptocoin
                                WHERE id_Users = (SELECT ID_Users 
													FROM users
													WHERE Email = Usuario
													LIMIT 1)
								AND id_CryptoCoin = (SELECT ID_CryptoCoin 
													FROM cryptocoin
													WHERE id_Coin = id_coinP
													LIMIT 1));
		SET ProfitLoss = ValorActual - TotalInvested;
		IF Print THEN
        	SELECT ProfitLoss;
		END IF;
    END ;;
DELIMITER ;
/*!50003 SET sql_mode              = @saved_sql_mode */ ;
/*!50003 SET character_set_client  = @saved_cs_client */ ;
/*!50003 SET character_set_results = @saved_cs_results */ ;
/*!50003 SET collation_connection  = @saved_col_connection */ ;
/*!50003 DROP PROCEDURE IF EXISTS `ROI` */;
/*!50003 SET @saved_cs_client      = @@character_set_client */ ;
/*!50003 SET @saved_cs_results     = @@character_set_results */ ;
/*!50003 SET @saved_col_connection = @@collation_connection */ ;
/*!50003 SET character_set_client  = utf8mb4 */ ;
/*!50003 SET character_set_results = utf8mb4 */ ;
/*!50003 SET collation_connection  = utf8mb4_0900_ai_ci */ ;
/*!50003 SET @saved_sql_mode       = @@sql_mode */ ;
/*!50003 SET sql_mode              = 'ONLY_FULL_GROUP_BY,STRICT_TRANS_TABLES,NO_ZERO_IN_DATE,NO_ZERO_DATE,ERROR_FOR_DIVISION_BY_ZERO,NO_ENGINE_SUBSTITUTION' */ ;
DELIMITER ;;
CREATE DEFINER=`root`@`localhost` PROCEDURE `ROI`(IN Usuario VARCHAR(255), IN id_coinP VARCHAR(255), IN Print BOOL, OUT ROI DECIMAL(18,8))
BEGIN
		#(Profit/loss) / total invested
        
        DECLARE ProfitLoss DECIMAL(18,8);
        DECLARE TotalInvested DECIMAL(18,8);
        
        CALL ProfitLoss(Usuario, id_coinP, FALSE, ProfitLoss);
        
        SET TotalInvested = (SELECT Invested
							FROM users_cryptocoin
                            WHERE id_Users = (SELECT ID_Users
												FROM users
                                                WHERE Email = Usuario)
							AND id_CryptoCoin = (SELECT ID_CryptoCoin
												FROM cryptocoin
                                                WHERE id_Coin = id_coinP
                                                LIMIT 1)
                            LIMIT 1);
        SET ROI = ProfitLoss / TotalInvested;
        IF Print THEN
            SELECT ROI;
        END IF;
    END ;;
DELIMITER ;
/*!50003 SET sql_mode              = @saved_sql_mode */ ;
/*!50003 SET character_set_client  = @saved_cs_client */ ;
/*!50003 SET character_set_results = @saved_cs_results */ ;
/*!50003 SET collation_connection  = @saved_col_connection */ ;
/*!40103 SET TIME_ZONE=@OLD_TIME_ZONE */;

/*!40101 SET SQL_MODE=@OLD_SQL_MODE */;
/*!40014 SET FOREIGN_KEY_CHECKS=@OLD_FOREIGN_KEY_CHECKS */;
/*!40014 SET UNIQUE_CHECKS=@OLD_UNIQUE_CHECKS */;
/*!40101 SET CHARACTER_SET_CLIENT=@OLD_CHARACTER_SET_CLIENT */;
/*!40101 SET CHARACTER_SET_RESULTS=@OLD_CHARACTER_SET_RESULTS */;
/*!40101 SET COLLATION_CONNECTION=@OLD_COLLATION_CONNECTION */;
/*!40111 SET SQL_NOTES=@OLD_SQL_NOTES */;

-- Dump completed on 2025-08-21 17:44:06
